id,NAME,LMP,RT,Stress,T1,T2,dT,xAL,xB,xC,xCR,xCU,xFE,xMN,xMO,xNB,xNI,xSI,xTI,xV,xW,xY,xZR,Nb_C,T1_NP_FCC,T1_NP_L12,T1_NP_M23C6,T1_NP_M2B_CB,T1_NP_M3B2_D5A,T1_NP_NbC,T1_NP_NIAL_B2,T1_VPV_FCC,T1_VPV_FECR_B2,T1_VPV_L12,T1_VPV_LAVES_C14,T1_VPV_M23C6,T1_VPV_M2B_CB,T1_VPV_M3B2_D5A,T1_VPV_NbC,T1_VPV_NIAL_B2,T1_VPV_SIGMA,T2_NP_FCC,T2_NP_FECR_B2,T2_NP_L12,T2_NP_LAVES_C14,T2_NP_M23C6,T2_NP_M2B_CB,T2_NP_M3B2_D5A,T2_NP_NbC,T2_NP_NIAL_B2,T2_NP_SIGMA,T2_VPV_FCC,T2_VPV_FECR_B2,T2_VPV_L12,T2_VPV_LAVES_C14,T2_VPV_M23C6,T2_VPV_M2B_CB,T2_VPV_M3B2_D5A,T2_VPV_NbC,T2_VPV_NIAL_B2,T2_VPV_SIGMA,dFCC,dFECR_B2,dL12,dLAVES_C14,dM23C6,dM2B_CB,dM3B2_D5A,dNbC,dNIAL_B2,dSIGMA
1,FNC18,23227.92363,507.8,100,1200,750,450,4.74E-02,4.01E-03,3.79E-03,0.14953635,1.60E-12,0.55520773,1.42E-12,1.79E-02,1.98E-02,0.20217747,1.98E-04,7.60E-12,1.54E-12,3.23E-12,5.81E-12,4.23E-12,5.224,0.91147945,0,0,0,0,7.10E-03,0,0.90785796,0,0,0,0,0,0,6.83E-03,0,0,0.90631414,0,0,3.29E-02,0,0,1.00E-02,8.23E-03,0,0,0.90506338,0,0,3.63E-02,0,0,9.35E-03,8.13E-03,0,0,-0.00279458,0,0,0.036311,0,0,0.00935345,0.00130381,0,0
2,FNC19,22255.47985,56.9,100,1200,750,450,4.82E-02,1.03E-03,9.29E-05,0.15015448,1.48E-12,0.562779,1.42E-12,1.77E-02,1.88E-02,0.20120653,2.78E-12,2.12E-12,1.80E-12,3.96E-12,7.29E-12,2.10E-12,202.368,0.94814313,0,0,0,0,0,0,0.94474589,0,0,0,0,0,0,0,0,0,0.9029495,0,0,4.60E-02,0,0,2.57E-03,1.93E-04,0,0,0.90027378,0,0,5.05E-02,0,0,2.40E-03,1.91E-04,0,0,-0.0444721,0,0,0.0505034,0,0,0.00239687,0.000190656,0,0
3,FNC19,22324.07795,66.4,100,1200,750,450,4.82E-02,1.03E-03,9.29E-05,0.15015448,1.48E-12,0.562779,1.42E-12,1.77E-02,1.88E-02,0.20120653,2.78E-12,2.12E-12,1.80E-12,3.96E-12,7.29E-12,2.10E-12,202.368,0.94814313,0,0,0,0,0,0,0.94474589,0,0,0,0,0,0,0,0,0,0.9029495,0,0,4.60E-02,0,0,2.57E-03,1.93E-04,0,0,0.90027378,0,0,5.05E-02,0,0,2.40E-03,1.91E-04,0,0,-0.0444721,0,0,0.0505034,0,0,0.00239687,0.000190656,0,0
4,FNC19,21799.75166,20.4,100,1200,750,450,4.82E-02,1.03E-03,9.29E-05,0.15015448,1.48E-12,0.562779,1.42E-12,1.77E-02,1.88E-02,0.20120653,2.78E-12,2.12E-12,1.80E-12,3.96E-12,7.29E-12,2.10E-12,202.368,0.94814313,0,0,0,0,0,0,0.94474589,0,0,0,0,0,0,0,0,0,0.9029495,0,0,4.60E-02,0,0,2.57E-03,1.93E-04,0,0,0.90027378,0,0,5.05E-02,0,0,2.40E-03,1.91E-04,0,0,-0.0444721,0,0,0.0505034,0,0,0.00239687,0.000190656,0,0
5,FNC31,23449.2044,835.6,100,1200,750,450,4.84E-02,7.22E-04,8.82E-04,0.15043371,1.52E-12,0.56031134,1.01E-04,1.80E-02,1.81E-02,0.20110098,2.78E-12,4.66E-12,2.08E-03,3.89E-12,7.71E-12,2.64E-12,20.522,0.96103254,0,0,0,0,1.24E-03,0,0.9585785,0,0,0,0,0,0,1.20E-03,0,0,0.90784965,0,0,4.52E-02,0,0,1.80E-03,1.91E-03,0,0,0.90509792,0,0,4.96E-02,0,0,1.67E-03,1.88E-03,0,0,-0.0534806,0,0,0.0495653,0,0,0.00167454,0.000679523,0,0
6,FNC21,22713.42418,159.5,100,1200,750,450,5.10E-02,7.61E-04,1.78E-03,0.15089553,1.17E-12,0.58106646,1.14E-12,8.52E-03,6.61E-03,0.19917268,1.95E-04,6.33E-12,1.09E-12,1.11E-12,1.12E-12,3.14E-12,3.713,0.9962696,0,0,0,0,2.27E-03,0,0.99629504,0,0,0,0,0,0,2.17E-03,0,0,0.98171721,0,0,0,0,0,1.89E-03,3.85E-03,0,0,0.98225166,0,0,0,0,0,1.77E-03,3.81E-03,0,0,-0.0140434,0,0,0,0,0,0.00177304,0.00163512,0,0
7,FNC22,22094.44218,39.6,100,1200,750,450,5.10E-02,1.02E-04,9.16E-05,0.15086589,1.08E-12,0.58151181,1.13E-12,8.77E-03,8.23E-03,0.19945686,1.16E-12,1.84E-12,1.11E-12,1.31E-12,2.18E-12,1.40E-12,89.847,0.99998631,0,0,0,0,0,0,0.99998565,0,0,0,0,0,0,0,0,0,0.97131217,0,0,2.54E-03,0,0,2.48E-04,1.89E-04,0,0,0.97185397,0,0,2.80E-03,0,0,2.32E-04,1.87E-04,0,0,-0.0281317,0,0,0.00279945,0,0,0.000231772,0.00018723,0,0
8,FNC15,21918.75647,336.5,170,1200,700,500,9.66E-13,1.05E-04,4.72E-05,0.20052911,9.57E-13,0.47884186,1.04E-12,9.57E-13,1.92E-02,0.30127449,9.58E-13,2.17E-12,9.57E-13,9.57E-13,9.57E-13,1.24E-12,406.78,0.97160778,0,0,0,0,0,0,0.96916113,0,0,0,0,0,0,0,0,0,0.92285158,0,0,0,0,2.81E-04,0,2.99E-05,0,8.26E-04,0.92305795,0,0,0,0,2.81E-04,0,2.98E-05,0,8.32E-04,-0.0461032,0,0,0,0,0.000280646,0,2.98E-05,0,0.000832394
9,FNC15,22684.95502,149.6,100,1200,750,450,9.61E-13,1.05E-04,4.72E-05,0.20052911,9.58E-13,0.47884186,1.02E-12,9.58E-13,1.92E-02,0.30127449,9.58E-13,1.20E-12,9.58E-13,9.58E-13,9.58E-13,9.89E-13,406.78,0.97160778,0,0,0,0,0,0,0.96916113,0,0,0,0,0,0,0,0,0,0.92444208,0,0,0,0,2.57E-04,0,1.32E-05,0,0,0.92472774,0,0,0,0,2.56E-04,0,1.31E-05,0,0,-0.0444334,0,0,0,0,0.000255679,0,1.31E-05,0,0
10,FNC16,22871.58238,227.7,100,1200,750,450,4.91E-02,1.53E-03,9.19E-05,0.20078221,1.17E-12,0.42839405,1.09E-12,1.17E-12,2.00E-02,0.30010471,1.18E-12,2.05E-12,1.18E-12,1.18E-12,1.22E-12,1.46E-12,217.628,0.91365331,0,0,0,0,0,0,0.90801261,0,0,0,0,0,0,0,0,0,0.86853188,5.10E-02,1.33E-04,0,0,4.58E-03,0,1.74E-04,0,0,0.86968678,5.16E-02,1.38E-04,0,0,4.48E-03,0,1.72E-04,0,0,-0.0383258,0.0515672,0.000138233,0,0,0.00447906,0,0.000172161,0,0
11,FNC29,21667.32637,185.6,170,1200,700,500,1.01E-12,5.23E-05,4.71E-05,0.19980924,9.40E-13,0.47412119,1.03E-12,9.46E-13,2.00E-02,0.3017139,4.23E-03,2.44E-12,9.46E-13,9.91E-13,9.40E-13,1.37E-12,424.628,0.94584042,0,0,0,0,0,0,0.94102446,0,0,0,0,0,0,0,0,0,0.91344616,0,0,0,0,1.28E-04,0,4.05E-05,0,7.04E-03,0.91358391,0,0,0,0,1.27E-04,0,4.04E-05,0,7.10E-03,-0.0274405,0,0,0,0,0.000127257,0,4.04E-05,0,0.00710046
12,FNC29,22605.84923,125.2,100,1200,750,450,9.44E-13,5.23E-05,4.71E-05,0.19980924,9.40E-13,0.47412119,1.01E-12,9.40E-13,2.00E-02,0.3017139,4.23E-03,1.37E-12,9.40E-13,9.40E-13,9.40E-13,1.05E-12,424.628,0.94584042,0,0,0,0,0,0,0.94102446,0,0,0,0,0,0,0,0,0,0.92119205,0,0,0,0,1.05E-04,0,2.44E-05,0,0,0.92146724,0,0,0,0,1.04E-04,0,2.43E-05,0,0,-0.0195572,0,0,0,0,0.000104138,0,2.43E-05,0,0
13,FNC33,23538.84212,1022.4,100,1200,750,450,9.96E-13,1.05E-04,1.41E-04,0.19986007,9.82E-13,0.47908868,1.05E-12,9.73E-13,1.77E-02,0.30125114,2.02E-04,9.95E-13,9.82E-13,9.75E-13,6.37E-12,1.61E-03,125.532,0.94903232,0,0,0,0,0,0,0.94339345,0,0,0,0,0,0,0,0,0,0.92972575,0,0,0,0,1.29E-04,0,0,0,0,0.92980494,0,0,0,0,1.28E-04,0,0,0,0,-0.0135885,0,0,0,0,0.000128272,0,0,0,0
14,FNC35,23238.12953,519.6,100,1200,750,450,5.69E-02,6.56E-04,1.82E-03,0.14394281,1.04E-12,0.53867817,1.89E-03,7.11E-03,3.35E-03,0.24156294,3.69E-03,4.51E-12,1.07E-12,4.45E-04,1.08E-12,2.88E-12,1.841,0.99761728,0,0,1.23E-03,0,1.15E-03,0,0.99772371,0,0,0,0,1.18E-03,0,1.10E-03,0,0,0.99447337,0,0,0,0,0,1.63E-03,3.89E-03,0,0,0.99464155,0,0,0,0,0,1.53E-03,3.83E-03,0,0,-0.00308216,0,0,0,0,-0.00117942,0.00152695,0.00273464,0,0
15,HTUPS10,23419.06822,780.8,100,1200,750,450,5.99E-02,5.59E-04,3.98E-03,0.15198578,4.15E-03,0.54537641,1.94E-02,1.15E-02,8.75E-03,0.18774323,2.54E-03,1.26E-03,1.43E-12,2.90E-03,3.47E-12,2.53E-12,2.198,0.98606686,0,0,0,0,7.65E-03,0,0.9864195,0,0,0,0,0,0,7.16E-03,0,0,0.95137983,0,0,3.73E-02,0,0,1.39E-03,8.56E-03,1.41E-03,0,0.94755867,0,0,4.16E-02,0,0,1.28E-03,8.16E-03,1.36E-03,0,-0.0388608,0,0,0.0416438,0,0,0.00128111,0.000998564,0.00135767,0
16,H12-GE,24345.5249,6283,100,1250,750,500,7.57E-02,3.53E-04,3.94E-03,0.12848286,4.28E-03,0.55518016,1.98E-02,1.16E-02,3.69E-03,0.1905491,2.71E-03,6.82E-04,1.47E-12,3.05E-03,4.34E-12,9.60E-12,0.937,0.99214467,0,0,0,0,4.53E-03,0,0.9925032,0,0,0,0,0,0,4.14E-03,0,0,0.92199589,0,0,2.11E-02,3.01E-04,0,8.77E-04,8.01E-03,4.77E-02,0,0.92219056,0,0,2.32E-02,2.65E-04,0,8.15E-04,7.54E-03,4.60E-02,0,-0.0703126,0,0,0.0231943,0.000265363,0,0.000815265,0.00340263,0.0459933,0
17,H12-GE,22998.22246,302.8,170,1150,750,400,7.57E-02,3.53E-04,3.94E-03,0.12848286,4.28E-03,0.55518016,1.98E-02,1.16E-02,3.69E-03,0.1905491,2.71E-03,6.82E-04,1.47E-12,3.05E-03,4.34E-12,9.69E-12,0.937,0.99339938,0,0,0,6.32E-04,5.97E-03,0,0.993944,0,0,0,0,0,5.72E-04,5.48E-03,0,0,0.92199589,0,0,2.11E-02,3.01E-04,0,8.77E-04,8.01E-03,4.77E-02,0,0.92219056,0,0,2.32E-02,2.65E-04,0,8.15E-04,7.54E-03,4.60E-02,0,-0.0717534,0,0,0.0231943,0.000265363,0,0.000243451,0.00205702,0.0459933,0
18,AFA1,21312.47097,1231.5,250,1250,650,600,5.84E-02,3.55E-04,4.57E-03,0.15034512,4.06E-03,0.5517822,1.93E-02,1.14E-02,5.97E-03,0.18810366,2.74E-03,2.49E-11,2.28E-12,2.96E-03,1.08E-11,1.76E-11,1.306,0.98993712,0,0,0,0,5.93E-03,0,0.99020839,0,0,0,0,0,0,5.58E-03,0,0,0.8922368,2.62E-02,0,3.75E-02,0,1.07E-03,0,9.74E-03,3.32E-02,0,0.88913159,2.63E-02,0,4.17E-02,0,1.03E-03,0,9.50E-03,3.23E-02,0,-0.101077,0.0263204,0,0.0416696,0,0.0010313,0,0.00392087,0.0323448,0
19,AFA1,23703.92758,1482.5,100,1250,750,500,5.84E-02,3.55E-04,4.57E-03,0.15034512,4.06E-03,0.5517822,1.93E-02,1.14E-02,5.97E-03,0.18810366,2.74E-03,9.30E-12,1.21E-12,2.96E-03,2.95E-12,6.63E-12,1.306,0.98993712,0,0,0,0,5.93E-03,0,0.99020839,0,0,0,0,0,0,5.58E-03,0,0,0.96688994,0,0,2.25E-02,0,0,8.83E-04,9.70E-03,0,0,0.96495236,0,0,2.48E-02,0,0,8.18E-04,9.38E-03,0,0,-0.025256,0,0,0.024846,0,0,0.000818048,0.00380211,0,0
20,AFA1,24287.65827,431.8,70,1250,800,450,5.84E-02,3.55E-04,4.57E-03,0.15034512,4.06E-03,0.5517822,1.93E-02,1.14E-02,5.97E-03,0.18810366,2.74E-03,8.74E-12,1.15E-12,2.96E-03,2.45E-12,6.16E-12,1.306,0.98993712,0,0,0,0,5.93E-03,0,0.99020839,0,0,0,0,0,0,5.58E-03,0,0,0.97568725,0,0,1.38E-02,0,0,8.78E-04,9.67E-03,0,0,0.97470667,0,0,1.51E-02,0,0,8.14E-04,9.34E-03,0,0,-0.0155017,0,0,0.015139,0,0,0.000814399,0.00375849,0,0
21,AFA1,22852.44475,218.1,170,1250,750,500,5.84E-02,3.55E-04,4.57E-03,0.15034512,4.06E-03,0.5517822,1.93E-02,1.14E-02,5.97E-03,0.18810366,2.74E-03,9.30E-12,1.21E-12,2.96E-03,2.95E-12,6.63E-12,1.306,0.98993712,0,0,0,0,5.93E-03,0,0.99020839,0,0,0,0,0,0,5.58E-03,0,0,0.96688994,0,0,2.25E-02,0,0,8.83E-04,9.70E-03,0,0,0.96495236,0,0,2.48E-02,0,0,8.18E-04,9.38E-03,0,0,-0.025256,0,0,0.024846,0,0,0.000818048,0.00380211,0,0
22,AFA2,22734.63635,167.3,170,1250,750,500,5.82E-02,2.54E-04,4.57E-03,0.15044512,4.06E-03,0.54863593,1.94E-02,1.15E-02,6.03E-03,0.18847082,2.74E-03,9.18E-12,2.80E-03,2.93E-03,3.14E-12,6.41E-12,1.319,0.9913867,0,0,0,0,6.00E-03,0,0.99169018,0,0,0,0,0,0,5.64E-03,0,0,0.96683281,0,0,2.28E-02,0,0,6.29E-04,9.71E-03,0,0,0.96484024,0,0,2.52E-02,0,0,5.82E-04,9.39E-03,0,0,-0.0268499,0,0,0.0251862,0,0,0.000582464,0.00375201,0,0
23,AFA3,22566.54586,114.6,170,1250,750,500,5.94E-02,3.04E-04,5.02E-03,0.15130997,4.06E-03,0.54950558,1.93E-02,1.15E-02,6.02E-03,0.18799066,2.54E-03,1.05E-11,1.21E-12,2.98E-03,1.17E-04,7.74E-12,1.199,0.98668561,0,0,0,0,6.49E-03,0,0.98689545,0,0,0,0,0,0,6.09E-03,0,0,0.96647776,0,0,2.17E-02,0,0,7.55E-04,1.06E-02,0,0,0.96475361,0,0,2.38E-02,0,0,7.00E-04,1.02E-02,0,0,-0.0221418,0,0,0.0238377,0,0,0.000700013,0.00408052,0,0
24,AFA5,23713.29811,1514.1,100,1250,750,500,7.88E-02,3.52E-04,4.53E-03,0.12500956,4.11E-03,0.558893,1.91E-02,1.13E-02,5.91E-03,0.18628471,2.71E-03,1.15E-11,1.32E-12,2.93E-03,3.16E-12,7.95E-12,1.305,0.98980569,0,0,0,0,6.03E-03,0,0.99015126,0,0,0,0,0,0,5.62E-03,0,0,0.91076685,0,0,2.25E-02,0,0,8.76E-04,9.61E-03,5.63E-02,0,0.91093585,0,0,2.47E-02,0,0,8.14E-04,9.30E-03,5.42E-02,0,-0.0792154,0,0,0.0247275,0,0,0.000813882,0.00368061,0.0542239,0
25,AFA5,22718.40996,161.3,170,1250,750,500,7.88E-02,3.52E-04,4.53E-03,0.12500956,4.11E-03,0.558893,1.91E-02,1.13E-02,5.91E-03,0.18628471,2.71E-03,1.15E-11,1.32E-12,2.93E-03,3.16E-12,7.95E-12,1.305,0.98980569,0,0,0,0,6.03E-03,0,0.99015126,0,0,0,0,0,0,5.62E-03,0,0,0.91076685,0,0,2.25E-02,0,0,8.76E-04,9.61E-03,5.63E-02,0,0.91093585,0,0,2.47E-02,0,0,8.14E-04,9.30E-03,5.42E-02,0,-0.0792154,0,0,0.0247275,0,0,0.000813882,0.00368061,0.0542239,0
26,AFA5,24330.9135,473.8,70,1250,800,450,7.88E-02,3.52E-04,4.53E-03,0.12500956,4.11E-03,0.558893,1.91E-02,1.13E-02,5.91E-03,0.18628471,2.71E-03,1.09E-11,1.23E-12,2.93E-03,2.57E-12,7.44E-12,1.305,0.98980569,0,0,0,0,6.03E-03,0,0.99015126,0,0,0,0,0,0,5.62E-03,0,0,0.93997512,0,0,1.31E-02,0,0,8.74E-04,9.59E-03,3.64E-02,0,0.94061422,0,0,1.44E-02,0,0,8.09E-04,9.24E-03,3.50E-02,0,-0.049537,0,0,0.014377,0,0,0.000809461,0.00361739,0.0349636,0
27,AFA6,23636.41393,1273.5,100,1250,750,500,7.81E-02,3.53E-04,4.54E-03,0.12487691,4.12E-03,0.51091519,1.94E-02,1.14E-02,5.99E-03,0.23465529,2.72E-03,1.12E-11,1.38E-12,2.97E-03,2.83E-12,7.60E-12,1.319,0.98828466,0,0,0,0,5.88E-03,0,0.98854067,0,0,0,0,0,0,5.48E-03,0,0,0.90857849,0,0,2.12E-02,0,0,8.78E-04,9.64E-03,5.97E-02,0,0.90885072,0,0,2.35E-02,0,0,8.18E-04,9.35E-03,5.75E-02,0,-0.07969,0,0,0.0234522,0,0,0.000818314,0.00386964,0.0575272,0
28,AFA6,22536.88927,107.2,170,1250,750,500,7.81E-02,3.53E-04,4.54E-03,0.12487691,4.12E-03,0.51091519,1.94E-02,1.14E-02,5.99E-03,0.23465529,2.72E-03,1.12E-11,1.38E-12,2.97E-03,2.83E-12,7.60E-12,1.319,0.98828466,0,0,0,0,5.88E-03,0,0.98854067,0,0,0,0,0,0,5.48E-03,0,0,0.90857849,0,0,2.12E-02,0,0,8.78E-04,9.64E-03,5.97E-02,0,0.90885072,0,0,2.35E-02,0,0,8.18E-04,9.35E-03,5.75E-02,0,-0.07969,0,0,0.0234522,0,0,0.000818314,0.00386964,0.0575272,0
29,AFA8,22361.89848,72.3,170,1250,750,500,7.83E-02,3.03E-04,4.55E-03,0.12447449,4.13E-03,0.50927579,1.95E-02,1.14E-02,6.06E-03,0.23479297,2.72E-03,4.83E-12,1.43E-12,3.00E-03,2.82E-12,1.44E-03,1.332,0.98284154,0,0,0,0,7.05E-03,0,0.98259848,0,0,0,0,0,0,6.79E-03,0,0,0.90331176,0,0,2.60E-02,0,0,7.53E-04,9.56E-03,6.04E-02,0,0.90270537,0,0,2.88E-02,0,0,7.00E-04,9.58E-03,5.82E-02,0,-0.0798931,0,0,0.0288071,0,0,0.000699589,0.00279094,0.0582041,0
30,AFA9,22614.63329,127.7,170,1250,750,500,7.92E-02,4.03E-04,4.99E-03,0.1247513,4.12E-03,0.50947405,1.94E-02,1.14E-02,5.98E-03,0.23441926,2.72E-03,1.28E-11,1.39E-12,2.94E-03,1.47E-04,9.10E-12,1.198,0.97976793,0,0,0,0,6.32E-03,0,0.97978021,0,0,0,0,0,0,5.88E-03,0,0,0.9037704,0,0,2.00E-02,0,0,1.00E-03,1.05E-02,6.40E-02,0,0.90441839,0,0,2.21E-02,0,0,9.36E-04,1.01E-02,6.18E-02,0,-0.0753618,0,0,0.0220697,0,0,0.000935615,0.00425952,0.0617604,0
31,AFA10,23170.36916,446.1,100,1200,750,450,5.89E-02,2.52E-04,1.86E-03,0.14593216,1.04E-12,0.47910029,1.99E-02,7.11E-03,3.53E-03,0.27996808,3.50E-03,4.61E-12,1.12E-12,1.13E-12,1.13E-12,2.99E-12,1.898,0.99887768,0,0,0,0,1.12E-03,0,0.99893771,0,0,0,0,0,0,1.06E-03,0,0,0.99540438,0,0,0,0,0,6.22E-04,3.97E-03,0,0,0.99552548,0,0,0,0,0,5.81E-04,3.89E-03,0,0,-0.00341223,0,0,0,0,0,0.000581013,0.00283121,0,0
32,AFA11,21537.29925,11.3,170,1250,750,500,8.08E-02,5.04E-04,4.54E-05,0.12582471,4.29E-03,0.55976389,1.98E-02,1.14E-02,5.87E-03,0.18578922,2.91E-03,2.07E-12,1.68E-12,2.97E-03,3.79E-12,1.97E-12,129.295,0.9867091,0,0,0,0,0,0,0.98623924,0,0,0,0,0,0,0,0,0,0.89558582,0,0,4.00E-02,0,0,1.26E-03,8.94E-05,6.31E-02,0,0.8934241,0,0,4.47E-02,0,0,1.16E-03,8.74E-05,6.07E-02,0,-0.0928151,0,0,0.044652,0,0,0.00115879,8.74E-05,0.0606777,0
33,AFA12,22752.08188,174,170,1250,750,500,8.04E-02,5.02E-04,6.77E-03,0.12516026,4.27E-03,0.55536103,1.97E-02,1.13E-02,5.84E-03,0.18480812,2.90E-03,1.94E-11,1.50E-12,2.95E-03,3.14E-12,1.48E-11,0.863,0.98582057,0,0,0,0,8.23E-03,0,0.98638668,0,0,0,0,0,0,7.61E-03,0,0,0.89841061,0,0,1.88E-02,7.57E-03,0,1.25E-03,1.08E-02,6.32E-02,0,0.90015681,0,0,2.06E-02,6.67E-03,0,1.16E-03,1.04E-02,6.10E-02,0,-0.0862299,0,0,0.0206061,0.00667313,0,0.00116368,0.00275326,0.0610386,0
34,AFA16,22901.57086,243.6,100,1200,750,450,9.86E-02,4.90E-05,1.32E-03,0.10086879,1.53E-12,0.56388742,1.35E-03,1.87E-12,3.32E-12,0.22557641,8.11E-03,2.23E-12,1.48E-12,2.51E-12,9.53E-05,1.74E-04,0,0.99864661,0,0,0,0,0,0,0.99857788,0,0,0,0,0,0,0,0,0,0.87524062,0,0,0,4.78E-03,1.07E-04,0,0,0.11907898,0,0.8805237,0,0,0,4.15E-03,1.04E-04,0,0,0.11440638,0,-0.118054,0,0,0,0.00415009,0.000104078,0,0,0.114406,0
35,AFA21,23327.93663,636,100,1250,750,500,6.11E-02,6.06E-04,9.10E-03,0.15697414,1.61E-12,0.48955288,1.91E-02,1.15E-02,1.48E-02,0.23420382,2.92E-03,9.74E-12,1.29E-12,1.71E-12,8.60E-05,6.04E-12,1.626,0.9581071,0,0,0,0,1.69E-02,0,0.95797774,0,0,0,0,0,0,1.60E-02,0,0,0.94799337,0,2.27E-02,7.82E-03,0,0,1.51E-03,1.96E-02,0,0,0.94657086,0,2.36E-02,8.86E-03,0,0,1.41E-03,1.92E-02,0,0,-0.0114069,0,0.0235606,0.00885603,0,0,0.00140555,0.00318358,0,0
36,AFA23,21147.73556,816.5,250,1200,650,550,7.04E-02,5.02E-04,4.52E-03,0.14606613,4.27E-03,0.50648034,1.97E-02,5.65E-03,5.84E-03,0.23108264,2.90E-03,5.67E-04,5.32E-04,1.48E-03,8.08E-12,1.14E-11,1.292,0.99174289,0,0,8.93E-04,0,7.36E-03,0,0.99229501,0,0,0,0,8.49E-04,0,6.86E-03,0,0,0.87503735,0,0,1.42E-02,0,1.50E-03,0,9.64E-03,7.46E-02,2.30E-02,0.87560357,0,0,1.59E-02,0,1.46E-03,0,9.39E-03,7.28E-02,2.28E-02,-0.116691,0,0,0.0159229,0,0.000616021,0,0.00253452,0.0728309,0.0228364
37,AFA23,23158.25435,434.1,100,1200,750,450,7.04E-02,5.02E-04,4.52E-03,0.14606613,4.27E-03,0.50648034,1.97E-02,5.65E-03,5.84E-03,0.23108264,2.90E-03,5.67E-04,5.32E-04,1.48E-03,2.06E-12,6.26E-12,1.292,0.99174289,0,0,8.93E-04,0,7.36E-03,0,0.99229501,0,0,0,0,8.49E-04,0,6.86E-03,0,0,0.94719024,0,0,4.35E-03,0,0,1.25E-03,9.67E-03,3.75E-02,0,0.9482811,0,0,4.87E-03,0,0,1.16E-03,9.37E-03,3.63E-02,0,-0.0440139,0,0,0.00486806,0,-0.000848659,0.00115577,0.00250925,0.0363295,0
38,AFA23,22994.24311,300.1,100,1200,750,450,7.04E-02,5.02E-04,4.52E-03,0.14606613,4.27E-03,0.50648034,1.97E-02,5.65E-03,5.84E-03,0.23108264,2.90E-03,5.67E-04,5.32E-04,1.48E-03,2.06E-12,6.26E-12,1.292,0.99174289,0,0,8.93E-04,0,7.36E-03,0,0.99229501,0,0,0,0,8.49E-04,0,6.86E-03,0,0,0.94719024,0,0,4.35E-03,0,0,1.25E-03,9.67E-03,3.75E-02,0,0.9482811,0,0,4.87E-03,0,0,1.16E-03,9.37E-03,3.63E-02,0,-0.0440139,0,0,0.00486806,0,-0.000848659,0.00115577,0.00250925,0.0363295,0
39,AFA24,21115.92007,754.2,250,1200,650,550,6.98E-02,4.98E-04,4.48E-03,0.14498728,4.24E-03,0.51720264,1.96E-02,2.33E-12,5.80E-03,0.22937586,2.88E-03,5.62E-04,5.29E-04,2.87E-12,2.47E-12,8.66E-12,1.295,0.99177314,0,0,8.86E-04,0,7.34E-03,0,0.99230409,0,0,0,0,8.44E-04,0,6.85E-03,0,0,0.91006393,0,0,0,0,1.49E-03,0,9.58E-03,7.00E-02,5.09E-03,0.91193613,0,0,0,0,1.46E-03,0,9.35E-03,6.85E-02,5.03E-03,-0.080368,0,0,0,0,0.000613175,0,0.00250218,0.0685268,0.00502637
40,AFA24,23136.00932,412.9,100,1200,750,450,6.98E-02,4.98E-04,4.48E-03,0.14498728,4.24E-03,0.51720264,1.96E-02,1.28E-12,5.80E-03,0.22937586,2.88E-03,5.62E-04,5.29E-04,1.31E-12,1.35E-12,3.84E-12,1.295,0.99177314,0,0,8.86E-04,0,7.34E-03,0,0.99230409,0,0,0,0,8.44E-04,0,6.85E-03,0,0,0.95482445,0,0,0,0,1.49E-03,0,9.62E-03,3.41E-02,0,0.95619,0,0,0,0,1.44E-03,0,9.36E-03,3.30E-02,0,-0.0361141,0,0,0,0,0.000595142,0,0.00250751,0.0330114,0
41,AFA24,22962.17147,279.2,100,1200,750,450,6.98E-02,4.98E-04,4.48E-03,0.14498728,4.24E-03,0.51720264,1.96E-02,1.28E-12,5.80E-03,0.22937586,2.88E-03,5.62E-04,5.29E-04,1.31E-12,1.35E-12,3.84E-12,1.295,0.99177314,0,0,8.86E-04,0,7.34E-03,0,0.99230409,0,0,0,0,8.44E-04,0,6.85E-03,0,0,0.95482445,0,0,0,0,1.49E-03,0,9.62E-03,3.41E-02,0,0.95619,0,0,0,0,1.44E-03,0,9.36E-03,3.30E-02,0,-0.0361141,0,0,0,0,0.000595142,0,0.00250751,0.0330114,0
42,AFA25,22978.72664,289.8,100,1200,750,450,7.05E-02,5.03E-04,4.53E-03,0.14634966,4.28E-03,0.50259713,1.98E-02,5.67E-03,8.78E-03,0.2315312,2.90E-03,5.68E-04,5.34E-04,1.48E-03,2.20E-12,4.37E-12,1.938,0.98703047,0,0,0,0,8.40E-03,0,0.98748194,0,0,0,0,0,0,7.89E-03,0,0,0.93478895,0,1.70E-02,7.80E-03,0,0,1.25E-03,9.74E-03,2.94E-02,0,0.934385,0,1.77E-02,8.84E-03,0,0,1.15E-03,9.46E-03,2.84E-02,0,-0.0530969,0,0.0177172,0.00883788,0,0,0.0011536,0.00157852,0.0284414,0
43,AFA25,22857.91105,220.8,100,1200,750,450,7.05E-02,5.03E-04,4.53E-03,0.14634966,4.28E-03,0.50259713,1.98E-02,5.67E-03,8.78E-03,0.2315312,2.90E-03,5.68E-04,5.34E-04,1.48E-03,2.20E-12,4.37E-12,1.938,0.98703047,0,0,0,0,8.40E-03,0,0.98748194,0,0,0,0,0,0,7.89E-03,0,0,0.93478895,0,1.70E-02,7.80E-03,0,0,1.25E-03,9.74E-03,2.94E-02,0,0.934385,0,1.77E-02,8.84E-03,0,0,1.15E-03,9.46E-03,2.84E-02,0,-0.0530969,0,0.0177172,0.00883788,0,0,0.0011536,0.00157852,0.0284414,0
44,AFA26,23195.53678,472.1,100,1200,750,450,6.06E-02,5.04E-04,4.54E-03,0.15720313,4.29E-03,0.50387899,1.98E-02,5.68E-03,5.87E-03,0.23212171,2.91E-03,5.69E-04,5.35E-04,1.48E-03,1.74E-12,5.17E-12,1.293,0.99180799,0,0,8.46E-04,0,7.35E-03,0,0.99232231,0,0,0,0,8.07E-04,0,6.87E-03,0,0,0.97929516,0,0,3.92E-03,0,0,1.25E-03,9.70E-03,5.83E-03,0,0.97941366,0,0,4.39E-03,0,0,1.16E-03,9.40E-03,5.64E-03,0,-0.0129087,0,0,0.00438732,0,-0.000807005,0.00115846,0.0025253,0.00564457,0
45,AFA26,22747.20383,172.1,100,1200,750,450,6.06E-02,5.04E-04,4.54E-03,0.15720313,4.29E-03,0.50387899,1.98E-02,5.68E-03,5.87E-03,0.23212171,2.91E-03,5.69E-04,5.35E-04,1.48E-03,1.74E-12,5.17E-12,1.293,0.99180799,0,0,8.46E-04,0,7.35E-03,0,0.99232231,0,0,0,0,8.07E-04,0,6.87E-03,0,0,0.97929516,0,0,3.92E-03,0,0,1.25E-03,9.70E-03,5.83E-03,0,0.97941366,0,0,4.39E-03,0,0,1.16E-03,9.40E-03,5.64E-03,0,-0.0129087,0,0,0.00438732,0,-0.000807005,0.00115846,0.0025253,0.00564457,0
46,AFA27,21285.75543,1152.1,250,1200,650,550,6.88E-02,3.01E-04,4.06E-03,0.14397128,4.10E-03,0.50853018,1.91E-02,2.13E-12,1.44E-02,0.2331029,2.70E-03,5.66E-04,4.26E-04,2.41E-12,2.96E-12,8.28E-12,3.547,0.98496586,0,0,0,0,8.19E-03,0,0.98505987,0,0,0,0,0,0,7.79E-03,0,0,0.83444269,4.44E-02,0,0,0,9.02E-04,0,8.70E-03,7.14E-02,0,0.83660388,4.49E-02,0,0,0,8.80E-04,0,8.49E-03,6.99E-02,0,-0.148456,0.0448572,0,0,0,0.00087978,0,0.000707606,0.0699358,0
47,AFA27,22766.64985,179.8,100,1200,750,450,6.88E-02,3.01E-04,4.06E-03,0.14397128,4.10E-03,0.50853018,1.91E-02,1.39E-12,1.44E-02,0.2331029,2.70E-03,5.66E-04,4.26E-04,1.31E-12,2.09E-12,4.70E-12,3.547,0.98496586,0,0,0,0,8.19E-03,0,0.98505987,0,0,0,0,0,0,7.79E-03,0,0,0.91730572,0,7.30E-02,0,0,8.94E-04,0,8.79E-03,0,0,0.91426749,0,7.63E-02,0,0,8.62E-04,0,8.56E-03,0,0,-0.0707924,0,0.0763145,0,0,0.000861562,0,0.000770143,0,0
48,AFA28,21283.10238,1144.5,250,1200,650,550,6.95E-02,1.50E-04,8.55E-03,0.14414096,4.08E-03,0.50465391,1.88E-02,3.08E-12,1.45E-02,0.2319236,2.69E-03,5.64E-04,4.24E-04,3.65E-12,2.97E-12,5.92E-05,1.696,0.9827368,0,0,0,0,1.73E-02,0,0.98361728,0,0,0,0,0,0,1.64E-02,0,0,0.87110572,0,0,0,0,4.48E-04,0,1.83E-02,7.41E-02,1.58E-02,0.87358526,0,0,0,0,4.37E-04,0,1.80E-02,7.26E-02,1.57E-02,-0.110032,0,0,0,0,0.000437113,0,0.00162452,0.0725669,0.0156567
49,AFA28,22565.38129,114.3,100,1200,750,450,6.95E-02,1.50E-04,8.55E-03,0.14414096,4.08E-03,0.50465391,1.88E-02,1.53E-12,1.45E-02,0.2319236,2.69E-03,5.64E-04,4.24E-04,1.45E-12,1.76E-12,5.92E-05,1.696,0.9827368,0,0,0,0,1.73E-02,0,0.98361728,0,0,0,0,0,0,1.64E-02,0,0,0.93058091,0,3.38E-02,0,0,4.40E-04,0,1.84E-02,1.67E-02,0,0.93002026,0,3.53E-02,0,0,4.25E-04,0,1.81E-02,1.62E-02,0,-0.053597,0,0.0353141,0,0,0.000425183,0,0.00168209,0.0161803,0
50,AFA29,21221.67808,981.9,250,1200,650,550,6.80E-02,1.51E-04,8.59E-03,0.14413174,4.02E-03,0.49784615,1.91E-02,5.72E-03,1.46E-02,0.23382536,2.90E-03,5.67E-04,5.33E-04,3.89E-12,5.33E-12,5.95E-05,1.7,0.98261028,0,0,0,0,1.73E-02,0,0.98351316,0,0,0,0,0,0,1.64E-02,0,0,0.85474453,0,0,6.97E-03,0,0,3.75E-04,1.84E-02,7.07E-02,2.96E-02,0.85651228,0,0,7.85E-03,0,0,3.51E-04,1.80E-02,6.91E-02,2.94E-02,-0.127001,0,0,0.00784544,0,0,0.000350646,0.00162474,0.069149,0.02935
51,AFA29,22730.90285,165.9,100,1200,750,450,6.80E-02,1.51E-04,8.59E-03,0.14413174,4.02E-03,0.49784615,1.91E-02,5.72E-03,1.46E-02,0.23382536,2.90E-03,5.67E-04,5.33E-04,1.31E-12,1.61E-12,5.95E-05,1.7,0.98261028,0,0,0,0,1.73E-02,0,0.98351316,0,0,0,0,0,0,1.64E-02,0,0,0.93566227,0,3.50E-02,0,0,0,3.69E-04,1.85E-02,1.05E-02,0,0.93498866,0,3.65E-02,0,0,0,3.42E-04,1.81E-02,1.01E-02,0,-0.0485245,0,0.0364699,0,0,0,0.000342024,0.00167796,0.0101072,0
52,AFA30,21204.06906,939.7,250,1200,650,550,4.86E-02,3.05E-04,4.25E-03,0.14576316,1.29E-12,0.57047142,1.92E-02,1.40E-02,5.43E-03,0.18823644,2.74E-03,4.58E-04,5.39E-04,2.96E-12,3.88E-12,5.74E-12,1.278,0.99318789,0,0,0,3.26E-04,6.49E-03,0,0.99361024,0,0,0,0,0,2.97E-04,6.09E-03,0,0,0.95669192,0,0,3.35E-02,0,0,7.60E-04,9.05E-03,0,0,0.95326392,0,0,3.73E-02,0,0,7.07E-04,8.76E-03,0,0,-0.0403463,0,0,0.0372665,0,0,0.000409811,0.00267004,0,0
53,AFA31,21125.27077,772,250,1200,650,550,4.89E-02,3.52E-04,4.16E-03,0.14414694,1.19E-12,0.5884787,1.86E-02,1.19E-12,5.38E-03,0.18628416,2.71E-03,5.67E-04,4.26E-04,1.15E-12,1.17E-12,4.64E-12,1.293,0.99296832,0,0,4.47E-04,0,6.59E-03,0,0.99336858,0,0,0,0,4.28E-04,0,6.20E-03,0,0,0.98664731,0,0,0,0,1.05E-03,0,8.91E-03,0,0,0.98697837,0,0,0,0,1.03E-03,0,8.70E-03,0,0,-0.00639021,0,0,0,0,0.000597652,0,0.00249241,0,0
54,HMA18,20609.84645,213.4,250,1200,650,550,4.82E-02,3.01E-04,4.06E-03,0.14547253,2.40E-02,0.60889353,4.61E-02,1.18E-12,3.50E-03,0.11566899,2.70E-03,5.66E-04,5.32E-04,1.20E-12,1.22E-12,1.40E-11,0.862,0.99303742,0,0,0,0,5.46E-03,0,0.99349473,0,0,0,0,0,0,5.05E-03,0,0,0.77629032,0.20762536,0,0,1.26E-03,8.99E-04,0,7.88E-03,0,0,0.77622375,0.20822017,0,0,1.08E-03,8.68E-04,0,7.43E-03,0,0,-0.217271,0.20822,0,0,0.00108354,0.000867994,0,0.00238226,0,0
55,HMA18,23012.65788,312.8,100,1200,750,450,4.82E-02,3.01E-04,4.06E-03,0.14547253,2.40E-02,0.60889353,4.61E-02,1.13E-12,3.50E-03,0.11566899,2.70E-03,5.66E-04,5.32E-04,1.11E-12,1.12E-12,1.28E-11,0.862,0.99303742,0,0,0,0,5.46E-03,0,0.99349473,0,0,0,0,0,0,5.05E-03,0,0,0.94252739,4.81E-02,0,0,5.66E-04,8.94E-04,0,7.90E-03,0,0,0.94302063,4.82E-02,0,0,4.85E-04,8.60E-04,0,7.40E-03,0,0,-0.0504741,0.0482336,0,0,0.00048533,0.000859754,0,0.00234933,0,0
56,OC-1,23436.25691,811.6,100,1200,750,450,6.05E-02,3.06E-04,4.32E-03,0.1498786,4.34E-03,0.53751933,1.96E-02,1.16E-02,1.47E-02,0.19024211,2.75E-03,5.76E-04,5.42E-04,3.03E-03,4.59E-12,3.73E-12,3.403,0.98298143,0,0,0,0,8.77E-03,0,0.98301556,0,0,0,0,0,0,8.34E-03,0,0,0.92891007,0,3.81E-03,5.31E-02,0,0,7.59E-04,9.35E-03,4.05E-03,0,0.92281479,0,3.96E-03,5.96E-02,0,0,6.96E-04,9.03E-03,3.89E-03,0,-0.0602008,0,0.00396004,0.0596175,0,0,0.000695517,0.00068998,0.00388514,0
57,OC-2,21636.27848,2762.2,200,1200,650,550,5.99E-02,3.57E-04,1.84E-03,0.1494729,4.16E-03,0.50240832,1.97E-02,1.15E-02,5.99E-03,0.23761273,2.94E-03,5.76E-04,5.41E-04,3.03E-03,1.06E-11,6.24E-12,3.255,0.99443611,0,0,0,0,2.77E-03,0,0.99456643,0,0,0,0,0,0,2.59E-03,0,0,0.8795789,0,3.40E-02,3.78E-02,0,1.07E-03,0,3.90E-03,2.22E-02,2.13E-02,0.87535312,0,3.50E-02,4.21E-02,0,1.04E-03,0,3.73E-03,2.16E-02,2.10E-02,-0.119213,0,0.0349866,0.0420868,0,0.00103557,0,0.00113444,0.021595,0.0209843
58,OC-2,21404.0809,1547.7,250,1200,650,550,5.99E-02,3.57E-04,1.84E-03,0.1494729,4.16E-03,0.50240832,1.97E-02,1.15E-02,5.99E-03,0.23761273,2.94E-03,5.76E-04,5.41E-04,3.03E-03,1.06E-11,6.24E-12,3.255,0.99443611,0,0,0,0,2.77E-03,0,0.99456643,0,0,0,0,0,0,2.59E-03,0,0,0.8795789,0,3.40E-02,3.78E-02,0,1.07E-03,0,3.90E-03,2.22E-02,2.13E-02,0.87535312,0,3.50E-02,4.21E-02,0,1.04E-03,0,3.73E-03,2.16E-02,2.10E-02,-0.119213,0,0.0349866,0.0420868,0,0.00103557,0,0.00113444,0.021595,0.0209843
59,OC-2,21074.99478,681,300,1200,650,550,5.99E-02,3.57E-04,1.84E-03,0.1494729,4.16E-03,0.50240832,1.97E-02,1.15E-02,5.99E-03,0.23761273,2.94E-03,5.76E-04,5.41E-04,3.03E-03,1.06E-11,6.24E-12,3.255,0.99443611,0,0,0,0,2.77E-03,0,0.99456643,0,0,0,0,0,0,2.59E-03,0,0,0.8795789,0,3.40E-02,3.78E-02,0,1.07E-03,0,3.90E-03,2.22E-02,2.13E-02,0.87535312,0,3.50E-02,4.21E-02,0,1.04E-03,0,3.73E-03,2.16E-02,2.10E-02,-0.119213,0,0.0349866,0.0420868,0,0.00103557,0,0.00113444,0.021595,0.0209843
60,OC-2,21993.17549,401.3,170,1200,700,500,5.99E-02,3.57E-04,1.84E-03,0.1494729,4.16E-03,0.50240832,1.97E-02,1.15E-02,5.99E-03,0.23761273,2.94E-03,5.76E-04,5.41E-04,3.03E-03,5.06E-12,3.13E-12,3.255,0.99443611,0,0,0,0,2.77E-03,0,0.99456643,0,0,0,0,0,0,2.59E-03,0,0,0.92866485,0,2.32E-02,3.42E-02,0,0,8.88E-04,3.92E-03,9.09E-03,0,0.92451597,0,2.40E-02,3.81E-02,0,0,8.22E-04,3.74E-03,8.80E-03,0,-0.0700505,0,0.0240268,0.0380949,0,0,0.000822147,0.0011457,0.00880088,0
61,OC-2,21151.83348,54.8,200,1200,700,500,5.99E-02,3.57E-04,1.84E-03,0.1494729,4.16E-03,0.50240832,1.97E-02,1.15E-02,5.99E-03,0.23761273,2.94E-03,5.76E-04,5.41E-04,3.03E-03,5.06E-12,3.13E-12,3.255,0.99443611,0,0,0,0,2.77E-03,0,0.99456643,0,0,0,0,0,0,2.59E-03,0,0,0.92866485,0,2.32E-02,3.42E-02,0,0,8.88E-04,3.92E-03,9.09E-03,0,0.92451597,0,2.40E-02,3.81E-02,0,0,8.22E-04,3.74E-03,8.80E-03,0,-0.0700505,0,0.0240268,0.0380949,0,0,0.000822147,0.0011457,0.00880088,0
62,OC-2,23361.62433,686.1,100,1200,750,450,5.99E-02,3.57E-04,1.84E-03,0.1494729,4.16E-03,0.50240832,1.97E-02,1.15E-02,5.99E-03,0.23761273,2.94E-03,5.76E-04,5.41E-04,3.03E-03,3.45E-12,2.20E-12,3.255,0.99443611,0,0,0,0,2.77E-03,0,0.99456643,0,0,0,0,0,0,2.59E-03,0,0,0.95713778,0,9.34E-03,2.87E-02,0,0,8.85E-04,3.93E-03,0,0,0.95367498,0,9.68E-03,3.21E-02,0,0,8.19E-04,3.75E-03,0,0,-0.0408915,0,0.00968208,0.0320709,0,0,0.000819054,0.00115947,0,0
63,OC-3,23273.92789,563.2,100,1200,750,450,7.90E-02,3.03E-04,3.77E-03,0.12409289,4.21E-03,0.55327343,1.94E-02,1.14E-02,8.86E-03,0.18865313,2.91E-03,5.70E-04,5.35E-04,3.00E-03,3.78E-12,4.22E-12,2.35,0.99238423,0,0,0,0,7.12E-03,0,0.992841,0,0,0,0,0,0,6.65E-03,0,0,0.89424093,0,0,3.77E-02,0,0,7.52E-04,8.11E-03,5.92E-02,0,0.89247656,0,0,4.21E-02,0,0,6.95E-04,7.82E-03,5.69E-02,0,-0.100364,0,0,0.0420943,0,0,0.000694944,0.00116891,0.0569172,0
64,OC-4,21080.3158,690.1,250,1200,650,550,7.08E-02,3.05E-04,4.17E-03,0.14690038,4.33E-03,0.48444214,1.94E-02,1.15E-02,1.47E-02,0.23638076,2.94E-03,5.75E-04,5.40E-04,2.99E-03,1.39E-11,1.36E-11,3.525,0.98017304,0,0,0,0,8.35E-03,0,0.98005963,0,0,0,0,0,0,7.89E-03,0,0,0.78643572,0,0,3.97E-02,0,9.15E-04,0,8.91E-03,8.92E-02,3.98E-02,0.78563744,0,0,4.44E-02,0,8.89E-04,0,8.66E-03,8.70E-02,3.93E-02,-0.194422,0,0,0.0444134,0,0.00088882,0,0.00076636,0.0870243,0.0393294
65,OC-4,21788.09414,247,170,1200,700,500,7.08E-02,3.05E-04,4.17E-03,0.14690038,4.33E-03,0.48444214,1.94E-02,1.15E-02,1.47E-02,0.23638076,2.94E-03,5.75E-04,5.40E-04,2.99E-03,6.84E-12,7.30E-12,3.525,0.98017304,0,0,0,0,8.35E-03,0,0.98005963,0,0,0,0,0,0,7.89E-03,0,0,0.85438764,0,6.58E-02,4.11E-02,0,9.12E-04,0,8.95E-03,2.88E-02,0,0.84859734,0,6.81E-02,4.60E-02,0,8.77E-04,0,8.65E-03,2.78E-02,0,-0.131462,0,0.0681161,0.0459504,0,0.000877455,0,0.000758702,0.0278066,0
66,OC-4,21555.9583,142.6,200,1200,700,500,7.08E-02,3.05E-04,4.17E-03,0.14690038,4.33E-03,0.48444214,1.94E-02,1.15E-02,1.47E-02,0.23638076,2.94E-03,5.75E-04,5.40E-04,2.99E-03,6.84E-12,7.30E-12,3.525,0.98017304,0,0,0,0,8.35E-03,0,0.98005963,0,0,0,0,0,0,7.89E-03,0,0,0.85438764,0,6.58E-02,4.11E-02,0,9.12E-04,0,8.95E-03,2.88E-02,0,0.84859734,0,6.81E-02,4.60E-02,0,8.77E-04,0,8.65E-03,2.78E-02,0,-0.131462,0,0.0681161,0.0459504,0,0.000877455,0,0.000758702,0.0278066,0
67,OC-4,23312.87474,614.8,100,1200,750,450,7.08E-02,3.05E-04,4.17E-03,0.14690038,4.33E-03,0.48444214,1.94E-02,1.15E-02,1.47E-02,0.23638076,2.94E-03,5.75E-04,5.40E-04,2.99E-03,3.78E-12,4.35E-12,3.525,0.98017304,0,0,0,0,8.35E-03,0,0.98005963,0,0,0,0,0,0,7.89E-03,0,0,0.88516733,0,5.01E-02,3.66E-02,0,0,7.56E-04,8.98E-03,1.84E-02,0,0.87994475,0,5.19E-02,4.11E-02,0,0,6.96E-04,8.66E-03,1.77E-02,0,-0.100115,0,0.0519436,0.0410576,0,0,0.000696309,0.000767471,0.0176968,0
68,OC-4,22360.66778,72.1,130,1200,750,450,7.08E-02,3.05E-04,4.17E-03,0.14690038,4.33E-03,0.48444214,1.94E-02,1.15E-02,1.47E-02,0.23638076,2.94E-03,5.75E-04,5.40E-04,2.99E-03,3.78E-12,4.35E-12,3.525,0.98017304,0,0,0,0,8.35E-03,0,0.98005963,0,0,0,0,0,0,7.89E-03,0,0,0.88516733,0,5.01E-02,3.66E-02,0,0,7.56E-04,8.98E-03,1.84E-02,0,0.87994475,0,5.19E-02,4.11E-02,0,0,6.96E-04,8.66E-03,1.77E-02,0,-0.100115,0,0.0519436,0.0410576,0,0,0.000696309,0.000767471,0.0176968,0
69,OC-4,21741.66865,17.9,170,1200,750,450,7.08E-02,3.05E-04,4.17E-03,0.14690038,4.33E-03,0.48444214,1.94E-02,1.15E-02,1.47E-02,0.23638076,2.94E-03,5.75E-04,5.40E-04,2.99E-03,3.78E-12,4.35E-12,3.525,0.98017304,0,0,0,0,8.35E-03,0,0.98005963,0,0,0,0,0,0,7.89E-03,0,0,0.88516733,0,5.01E-02,3.66E-02,0,0,7.56E-04,8.98E-03,1.84E-02,0,0.87994475,0,5.19E-02,4.11E-02,0,0,6.96E-04,8.66E-03,1.77E-02,0,-0.100115,0,0.0519436,0.0410576,0,0,0.000696309,0.000767471,0.0176968,0
70,OC-4,23647.86559,109.4,70,1200,800,400,7.08E-02,3.05E-04,4.17E-03,0.14690038,4.33E-03,0.48444214,1.94E-02,1.15E-02,1.47E-02,0.23638076,2.94E-03,5.75E-04,5.40E-04,2.99E-03,2.88E-12,3.46E-12,3.525,0.98017304,0,0,0,0,8.35E-03,0,0.98005963,0,0,0,0,0,0,7.89E-03,0,0,0.91902825,0,3.44E-02,3.10E-02,0,0,7.52E-04,9.00E-03,5.81E-03,0,0.91437569,0,3.57E-02,3.50E-02,0,0,6.91E-04,8.67E-03,5.56E-03,0,-0.0656839,0,0.0357438,0.0349616,0,0,0.000690559,0.000772693,0.0055622,0
71,OC-4,20533.97242,176.6,250,1100,650,450,7.08E-02,3.05E-04,4.17E-03,0.14690038,4.33E-03,0.48444214,1.94E-02,1.15E-02,1.47E-02,0.23638076,2.94E-03,5.75E-04,5.40E-04,2.99E-03,1.37E-11,1.33E-11,3.525,0.99054006,0,0,0,0,8.81E-03,0,0.99091995,0,0,0,0,0,0,8.40E-03,0,0,0.78643572,0,0,3.97E-02,0,9.15E-04,0,8.91E-03,8.92E-02,3.98E-02,0.78563744,0,0,4.44E-02,0,8.89E-04,0,8.66E-03,8.70E-02,3.93E-02,-0.205283,0,0,0.0444134,0,0.00088882,0,0.000261145,0.0870243,0.0393294
72,OC-4-#2 (//TD),21024.56751,600.5,250,1200,650,550,7.21E-02,6.30E-12,4.58E-03,0.15005129,4.41E-03,0.47897217,1.98E-02,1.13E-02,1.47E-02,0.23730034,2.54E-03,5.74E-04,5.40E-04,2.99E-03,1.04E-11,1.05E-11,3.21,0.99074138,0,0,0,0,9.26E-03,0,0.99124338,0,0,0,0,0,0,8.76E-03,0,0,0.76945611,0,0,3.81E-02,0,0,0,9.78E-03,9.52E-02,5.37E-02,0.76905123,0,0,4.26E-02,0,0,0,9.52E-03,9.29E-02,5.31E-02,-0.222192,0,0,0.0426133,0,0,0,0.00076382,0.0928655,0.0531328
73,OC-5,21288.39104,1159.7,250,1100,650,450,6.05E-02,4.58E-04,4.67E-03,0.14694755,4.24E-03,0.50197179,1.99E-02,1.15E-02,5.98E-03,0.23705304,2.74E-03,5.74E-04,5.40E-04,2.90E-03,1.02E-11,1.19E-11,1.281,0.9904124,0,0,0,9.08E-04,8.68E-03,0,0.99101992,0,0,0,0,0,8.31E-04,8.15E-03,0,0,0.90062691,0,1.44E-03,3.71E-02,0,1.37E-03,0,9.94E-03,4.00E-02,9.60E-03,0.89782594,0,1.48E-03,4.13E-02,0,1.33E-03,0,9.63E-03,3.89E-02,9.50E-03,-0.093194,0,0.00148461,0.0413161,0,0.00133103,-0.000830663,0.00147858,0.0389122,0.00950218
74,OC-5,22616.02276,128.1,100,1100,750,350,6.05E-02,4.58E-04,4.67E-03,0.14694755,4.24E-03,0.50197179,1.99E-02,1.15E-02,5.98E-03,0.23705304,2.74E-03,5.74E-04,5.40E-04,2.90E-03,2.61E-12,4.56E-12,1.281,0.9904124,0,0,0,9.08E-04,8.68E-03,0,0.99101992,0,0,0,0,0,8.31E-04,8.15E-03,0,0,0.96430832,0,0,2.13E-02,0,0,1.14E-03,9.92E-03,3.39E-03,0,0.96258314,0,0,2.36E-02,0,0,1.06E-03,9.53E-03,3.27E-03,0,-0.0284368,0,0,0.0235629,0,0,0.000225827,0.00138092,0.0032671,0
75,OC-5,23804.47838,153.1,70,1100,800,300,6.05E-02,4.58E-04,4.67E-03,0.14694755,4.24E-03,0.50197179,1.99E-02,1.15E-02,5.98E-03,0.23705304,2.74E-03,5.74E-04,5.40E-04,2.90E-03,2.11E-12,4.26E-12,1.281,0.9904124,0,0,0,9.08E-04,8.68E-03,0,0.99101992,0,0,0,0,0,8.31E-04,8.15E-03,0,0,0.97723606,0,0,1.17E-02,0,0,1.13E-03,9.89E-03,0,0,0.97648108,0,0,1.30E-02,0,0,1.05E-03,9.49E-03,0,0,-0.0145388,0,0,0.0129803,0,0,0.000221633,0.00133693,0,0
76,OC-5,23034.95634,328.9,130,1200,750,450,6.05E-02,4.58E-04,4.67E-03,0.14694755,4.24E-03,0.50197179,1.99E-02,1.15E-02,5.98E-03,0.23705304,2.74E-03,5.74E-04,5.40E-04,2.90E-03,2.61E-12,4.53E-12,1.281,0.99184081,0,0,0,6.48E-04,7.51E-03,0,0.99240319,0,0,0,0,0,5.88E-04,7.01E-03,0,0,0.96430832,0,0,2.13E-02,0,0,1.14E-03,9.92E-03,3.39E-03,0,0.96258314,0,0,2.36E-02,0,0,1.06E-03,9.53E-03,3.27E-03,0,-0.02982,0,0,0.0235629,0,0,0.000468055,0.00252196,0.0032671,0
77,OC-5,24473.28284,643.1,70,1200,800,400,6.05E-02,4.58E-04,4.67E-03,0.14694755,4.24E-03,0.50197179,1.99E-02,1.15E-02,5.98E-03,0.23705304,2.74E-03,5.74E-04,5.40E-04,2.90E-03,2.11E-12,4.22E-12,1.281,0.99184081,0,0,0,6.48E-04,7.51E-03,0,0.99240319,0,0,0,0,0,5.88E-04,7.01E-03,0,0,0.97723606,0,0,1.17E-02,0,0,1.13E-03,9.89E-03,0,0,0.97648108,0,0,1.30E-02,0,0,1.05E-03,9.49E-03,0,0,-0.0159221,0,0,0.0129803,0,0,0.000463861,0.00247797,0,0
78,OC-6,21375.47467,1441.1,250,1100,650,450,7.06E-02,4.01E-04,4.29E-03,0.14655111,4.27E-03,0.50370237,1.95E-02,9.61E-04,1.37E-02,0.23176408,2.70E-03,5.66E-04,5.32E-04,4.42E-04,3.12E-12,9.61E-12,3.193,0.99005964,0,0,0,0,9.04E-03,0,0.99040716,0,0,0,0,0,0,8.66E-03,0,0,0.82587101,1.74E-02,0,0,0,1.20E-03,0,9.18E-03,8.07E-02,2.93E-02,0.82866625,1.76E-02,0,0,0,1.17E-03,0,8.98E-03,7.91E-02,2.90E-02,-0.161741,0.0176377,0,0,0,0.00117379,0,0.0003234,0.0790753,0.0290338
79,OC-6,23130.16055,407.5,100,1100,750,350,7.06E-02,4.01E-04,4.29E-03,0.14655111,4.27E-03,0.50370237,1.95E-02,9.61E-04,1.37E-02,0.23176408,2.70E-03,5.66E-04,5.32E-04,4.42E-04,2.00E-12,4.75E-12,3.193,0.99005964,0,0,0,0,9.04E-03,0,0.99040716,0,0,0,0,0,0,8.66E-03,0,0,0.91922823,0,6.81E-02,0,0,1.20E-03,0,9.27E-03,2.21E-03,0,0.9166301,0,7.11E-02,0,0,1.15E-03,0,9.01E-03,2.14E-03,0,-0.0737771,0,0.0710786,0,0,0.00115101,0,0.000349621,0.00213523,0
80,OC-7,20742.3542,297,250,1200,650,550,7.15E-02,4.58E-04,4.85E-03,0.14883511,4.32E-03,0.48318127,1.99E-02,1.13E-02,1.40E-02,0.23468732,2.15E-03,5.74E-04,5.39E-04,2.90E-03,1.29E-11,7.83E-04,2.887,0.97115584,0,0,0,0,9.68E-03,0,0.97051499,0,0,0,0,0,0,9.20E-03,0,0,0.77932997,0,0,3.79E-02,0,1.37E-03,0,1.03E-02,9.11E-02,4.74E-02,0.77877418,0,0,4.23E-02,0,1.33E-03,0,1.02E-02,8.89E-02,4.68E-02,-0.191741,0,0,0.0422655,0,0.00133253,0,0.00096481,0.0888824,0.0468498
81,OC-7,22549.55475,110.3,100,1200,750,450,7.15E-02,4.58E-04,4.85E-03,0.14883511,4.32E-03,0.48318127,1.99E-02,1.13E-02,1.40E-02,0.23468732,2.15E-03,5.74E-04,5.39E-04,2.90E-03,3.89E-12,7.83E-04,2.887,0.97115584,0,0,0,0,9.68E-03,0,0.97051499,0,0,0,0,0,0,9.20E-03,0,0,0.88523335,0,4.90E-02,3.31E-02,0,0,1.14E-03,1.04E-02,2.11E-02,0,0.88066008,0,5.09E-02,3.70E-02,0,0,1.05E-03,1.01E-02,2.03E-02,0,-0.0898549,0,0.0508944,0.0369526,0,0,0.00104682,0.000940305,0.0203105,0
82,OC-10,20697.41156,265.5,250,1100,650,450,5.05E-02,4.52E-04,4.88E-03,0.14663342,2.65E-02,0.58090409,6.91E-02,8.48E-04,5.72E-03,0.1102145,2.70E-03,5.67E-04,5.33E-04,4.43E-04,1.45E-12,7.68E-12,1.172,0.9894476,0,0,1.15E-03,0,9.40E-03,0,0.99011149,0,0,0,0,1.08E-03,0,8.80E-03,0,0,0.91729945,0,0,1.39E-03,0,1.36E-03,0,1.06E-02,2.16E-02,4.15E-02,0.91811007,0,0,1.61E-03,0,1.30E-03,0,1.03E-02,2.17E-02,4.06E-02,-0.0720014,0,0,0.00160779,0,0.000219872,0,0.00147979,0.021716,0.0405552
83,OC-10,22641.30166,135.6,100,1100,750,350,5.05E-02,4.52E-04,4.88E-03,0.14663342,2.65E-02,0.58090409,6.91E-02,8.48E-04,5.72E-03,0.1102145,2.70E-03,5.67E-04,5.33E-04,4.43E-04,1.12E-12,5.29E-12,1.172,0.9894476,0,0,1.15E-03,0,9.40E-03,0,0.99011149,0,0,0,0,1.08E-03,0,8.80E-03,0,0,0.98808818,0,0,0,0,1.35E-03,0,1.06E-02,0,0,0.9885065,0,0,0,0,1.29E-03,0,1.02E-02,0,0,-0.00160499,0,0,0,0,0.000206049,0,0.00139894,0,0
84,OC-10,20950.3468,499,250,1200,650,550,5.05E-02,4.52E-04,4.88E-03,0.14663342,2.65E-02,0.58090409,6.91E-02,8.48E-04,5.72E-03,0.1102145,2.70E-03,5.67E-04,5.33E-04,4.43E-04,1.46E-12,8.54E-12,1.172,0.98769629,0,0,0,0,8.30E-03,0,0.98843871,0,0,0,0,0,0,7.71E-03,0,0,0.91729945,0,0,1.39E-03,0,1.36E-03,0,1.06E-02,2.16E-02,4.15E-02,0.91811007,0,0,1.61E-03,0,1.30E-03,0,1.03E-02,2.17E-02,4.06E-02,-0.0703286,0,0,0.00160779,0,0.00130385,0,0.00257118,0.021716,0.0405552
85,OC-J,20896.70546,436.5,250,1200,650,550,5.00E-02,5.00E-04,8.99E-03,0.14540122,2.55E-02,0.5805649,6.88E-02,1.48E-12,5.81E-03,0.11041475,2.88E-03,5.64E-04,5.30E-04,1.54E-12,1.11E-12,1.31E-11,0.646,0.98456169,0,0,0,0,1.12E-02,0,0.98568249,0,0,0,0,0,0,1.03E-02,0,0,0.81117815,0.14450728,0,0,1.48E-02,1.47E-03,0,1.24E-02,1.12E-02,0,0.81326946,0.14499907,0,0,1.27E-02,1.41E-03,0,1.17E-02,1.13E-02,0,-0.172413,0.144999,0,0,0.0127115,0.00141366,0,0.0013767,0.0113232,0
86,OC-J,22947.7785,270.3,100,1200,750,450,5.00E-02,5.00E-04,8.99E-03,0.14540122,2.55E-02,0.5805649,6.88E-02,1.38E-12,5.81E-03,0.11041475,2.88E-03,5.64E-04,5.30E-04,1.48E-12,1.11E-12,1.26E-11,0.646,0.98456169,0,0,0,0,1.12E-02,0,0.98568249,0,0,0,0,0,0,1.03E-02,0,0,0.93501868,3.71E-02,0,0,1.40E-02,1.44E-03,0,1.24E-02,0,0,0.93777506,3.72E-02,0,0,1.20E-02,1.38E-03,0,1.16E-02,0,0,-0.0479074,0.0372264,0,0,0.0119693,0.00138067,0,0.00132013,0,0
87,Wrought CAFA4,23683.47495,1415.8,100,1200,750,450,7.00E-02,4.00E-04,1.31E-02,0.14684447,4.34E-03,0.48342776,1.89E-02,1.12E-02,5.48E-03,0.23308455,9.25E-03,5.65E-04,5.31E-04,2.94E-03,2.41E-12,9.62E-12,0.418,0.97764054,0,1.00E-02,0,5.46E-04,1.18E-02,0,0.98010386,0,0,0,8.61E-03,0,4.97E-04,1.08E-02,0,0,0.87810211,0,0,1.41E-02,3.75E-02,0,9.96E-04,1.11E-02,5.82E-02,0,0.88235075,0,0,1.59E-02,3.35E-02,0,9.34E-04,1.06E-02,5.67E-02,0,-0.0977531,0,0,0.0159126,0.0249205,0,0.000436775,-0.000182229,0.0566655,0
88,Wrought CAFA4,21736.67665,17.7,170,1200,750,450,7.00E-02,4.00E-04,1.31E-02,0.14684447,4.34E-03,0.48342776,1.89E-02,1.12E-02,5.48E-03,0.23308455,9.25E-03,5.65E-04,5.31E-04,2.94E-03,2.41E-12,9.62E-12,0.418,0.97764054,0,1.00E-02,0,5.46E-04,1.18E-02,0,0.98010386,0,0,0,8.61E-03,0,4.97E-04,1.08E-02,0,0,0.87810211,0,0,1.41E-02,3.75E-02,0,9.96E-04,1.11E-02,5.82E-02,0,0.88235075,0,0,1.59E-02,3.35E-02,0,9.34E-04,1.06E-02,5.67E-02,0,-0.0977531,0,0,0.0159126,0.0249205,0,0.000436775,-0.000182229,0.0566655,0
89,Wrought CAFA4,21238.68286,5.77,170,1250,750,500,7.00E-02,4.00E-04,1.31E-02,0.14684447,4.34E-03,0.48342776,1.89E-02,1.12E-02,5.48E-03,0.23308455,9.25E-03,5.65E-04,5.31E-04,2.94E-03,2.41E-12,9.60E-12,0.418,0.97908275,0,0,0,0,1.18E-02,0,0.97992097,0,0,0,0,0,0,1.08E-02,0,0,0.87810211,0,0,1.41E-02,3.75E-02,0,9.96E-04,1.11E-02,5.82E-02,0,0.88235075,0,0,1.59E-02,3.35E-02,0,9.34E-04,1.06E-02,5.67E-02,0,-0.0975702,0,0,0.0159126,0.033526,0,0.000933781,-0.00014491,0.0566655,0
90,DAFA 1,22838.16187,211.2,130,1200,750,450,7.00E-02,2.50E-04,7.97E-03,0.14398669,4.17E-03,0.48177544,1.89E-02,1.12E-02,5.30E-03,0.23420531,1.85E-02,3.39E-04,5.31E-04,2.94E-03,2.49E-12,1.04E-11,0.665,0.98960337,0,0,0,2.14E-04,1.02E-02,0,0.9904134,0,0,0,0,0,1.95E-04,9.39E-03,0,0,0.86682317,0,0,2.14E-02,2.08E-02,0,6.20E-04,7.66E-03,7.68E-02,0,0.86759457,0,0,2.47E-02,1.86E-02,0,5.81E-04,7.35E-03,7.47E-02,0,-0.122819,0,0,0.0247319,0.0185768,0,0.000385983,-0.00203759,0.0747071,0
91,DAFA 2,22842.76589,213.4,130,1200,750,450,7.00E-02,2.50E-04,1.14E-02,0.14546658,4.16E-03,0.47892632,1.89E-02,1.13E-02,5.40E-03,0.23401733,1.65E-02,3.38E-04,5.30E-04,2.85E-03,2.42E-12,1.06E-11,0.474,0.98392412,0,4.57E-03,0,2.00E-04,1.13E-02,0,0.98551729,0,0,0,3.93E-03,0,1.82E-04,1.04E-02,0,0,0.86389459,0,0,1.83E-02,3.13E-02,0,6.19E-04,1.03E-02,7.57E-02,0,0.86667541,0,0,2.12E-02,2.80E-02,0,5.81E-04,9.89E-03,7.37E-02,0,-0.118842,0,0,0.0211571,0.0240363,0,0.000399181,-0.000484768,0.0737341,0
92,DAFA 3,23528.64443,999.2,100,1200,750,450,6.86E-02,2.99E-04,1.53E-02,0.1438187,4.06E-03,0.47715173,1.86E-02,1.11E-02,5.27E-03,0.23402227,1.82E-02,2.25E-04,5.28E-04,2.81E-03,2.31E-12,9.32E-12,0.344,0.97258708,0,0,0,2.24E-04,1.10E-02,0,0.97665586,0,0,0,0,0,2.05E-04,1.01E-02,0,0,0.85142579,0,0,1.32E-02,5.06E-02,0,7.42E-04,1.01E-02,7.39E-02,0,0.8565647,0,0,1.53E-02,4.54E-02,0,7.00E-04,9.77E-03,7.22E-02,0,-0.120091,0,0,0.0153454,0.0454176,0,0.000494472,-0.00033769,0.0722011,0
93,DAFA 3,23130.26956,407.6,130,1200,750,450,6.86E-02,2.99E-04,1.53E-02,0.1438187,4.06E-03,0.47715173,1.86E-02,1.11E-02,5.27E-03,0.23402227,1.82E-02,2.25E-04,5.28E-04,2.81E-03,2.31E-12,9.32E-12,0.344,0.97258708,0,0,0,2.24E-04,1.10E-02,0,0.97665586,0,0,0,0,0,2.05E-04,1.01E-02,0,0,0.85142579,0,0,1.32E-02,5.06E-02,0,7.42E-04,1.01E-02,7.39E-02,0,0.8565647,0,0,1.53E-02,4.54E-02,0,7.00E-04,9.77E-03,7.22E-02,0,-0.120091,0,0,0.0153454,0.0454176,0,0.000494472,-0.00033769,0.0722011,0
94,DAFA 4,22739.04922,168.97,130,1200,750,450,6.96E-02,3.96E-04,2.01E-02,0.14320569,4.04E-03,0.4723609,1.90E-02,1.11E-02,5.07E-03,0.23267485,1.87E-02,3.35E-04,5.25E-04,2.82E-03,2.22E-12,9.53E-12,0.252,0.95640008,0,0,0,3.90E-04,1.09E-02,0,0.9635594,0,0,0,0,0,3.58E-04,1.01E-02,0,0,0.82738267,0,0,8.04E-03,7.36E-02,0,9.86E-04,1.02E-02,7.98E-02,0,0.83539385,0,0,9.33E-03,6.62E-02,0,9.35E-04,9.87E-03,7.83E-02,0,-0.128166,0,0,0.00933167,0.0662051,0,0.000576925,-0.000187026,0.0782675,0
95,DAFA 12,22370.41924,73.7,100,1200,750,450,7.93E-02,1.90E-12,1.81E-04,0.14681081,1.23E-12,0.45340793,1.50E-12,1.18E-12,1.86E-02,0.29900343,2.71E-03,3.05E-12,1.49E-12,1.13E-12,2.04E-12,3.17E-12,102.762,0.97661517,0,0,0,0,0,0,0.97486975,0,0,0,0,0,0,0,0,0,0.8430463,0,0.1512595,0,0,0,0,3.79E-04,0,0,0.83733876,0,0.15714902,0,0,0,0,3.72E-04,0,0,-0.137531,0,0.157149,0,0,0,0,0.000371676,0,0
96,DAFA 12,21948.30629,28.5,170,1200,750,450,7.93E-02,1.90E-12,1.81E-04,0.14681081,1.23E-12,0.45340793,1.50E-12,1.18E-12,1.86E-02,0.29900343,2.71E-03,3.05E-12,1.49E-12,1.13E-12,2.04E-12,3.17E-12,102.762,0.97661517,0,0,0,0,0,0,0.97486975,0,0,0,0,0,0,0,0,0,0.8430463,0,0.1512595,0,0,0,0,3.79E-04,0,0,0.83733876,0,0.15714902,0,0,0,0,3.72E-04,0,0,-0.137531,0,0.157149,0,0,0,0,0.000371676,0,0
97,DAFA 13,22788.35004,188.8,100,1200,750,450,7.97E-02,1.60E-12,1.81E-04,0.14647266,1.14E-12,0.44465391,1.41E-12,1.12E-12,1.68E-02,0.29837958,2.71E-03,1.11E-02,1.42E-12,1.10E-12,1.90E-12,2.51E-12,92.818,0.89746653,0,0,0,0,0,0,0.89019625,0,0,0,0,0,0,0,0,0,0.79694597,0,0.2026629,0,0,0,0,0,0,0,0.79004647,0,0.20958799,0,0,0,0,0,0,0,-0.10015,0,0.209588,0,0,0,0,0,0,0
98,DAFA 13,22259.36687,57.4,170,1200,750,450,7.97E-02,1.60E-12,1.81E-04,0.14647266,1.14E-12,0.44465391,1.41E-12,1.12E-12,1.68E-02,0.29837958,2.71E-03,1.11E-02,1.42E-12,1.10E-12,1.90E-12,2.51E-12,92.818,0.89746653,0,0,0,0,0,0,0.89019625,0,0,0,0,0,0,0,0,0,0.79694597,0,0.2026629,0,0,0,0,0,0,0,0.79004647,0,0.20958799,0,0,0,0,0,0,0,-0.10015,0,0.209588,0,0,0,0,0,0,0
99,DAFA 15,23419.12512,780.9,100,1150,750,400,7.99E-02,1.59E-12,4.60E-03,0.14608308,1.22E-12,0.44009765,1.41E-12,1.14E-12,1.67E-02,0.29730922,2.70E-03,1.10E-02,1.37E-12,1.10E-12,1.89E-12,1.72E-03,3.63,0.95096497,0,0,0,0,0,0,0.94707876,0,0,0,0,0,0,0,0,0,0.80383975,0,0.18622573,0,0,0,0,0,0,0,0.7977186,0,0.19299447,0,0,0,0,0,0,0,-0.14936,0,0.192994,0,0,0,0,0,0,0
100,DAFA 15,22440.02393,86.2,170,1150,750,400,7.99E-02,1.59E-12,4.60E-03,0.14608308,1.22E-12,0.44009765,1.41E-12,1.14E-12,1.67E-02,0.29730922,2.70E-03,1.10E-02,1.37E-12,1.10E-12,1.89E-12,1.72E-03,3.63,0.95096497,0,0,0,0,0,0,0.94707876,0,0,0,0,0,0,0,0,0,0.80383975,0,0.18622573,0,0,0,0,0,0,0,0.7977186,0,0.19299447,0,0,0,0,0,0,0,-0.14936,0,0.192994,0,0,0,0,0,0,0
101,DAFA 14-01,23447.81984,833,100,1100,750,350,7.92E-02,1.61E-12,1.81E-04,0.14656518,1.14E-12,0.44427882,1.41E-12,1.13E-12,1.64E-02,0.29850315,2.32E-03,1.09E-02,1.43E-12,2.96E-05,1.91E-12,1.61E-03,90.608,0.97805789,0,0,0,0,0,0,0.97513727,0,0,0,0,0,0,0,0,0,0.79367543,0,0.20593292,0,0,0,0,0,0,0,0.78626211,0,0.21337193,0,0,0,0,0,0,0,-0.188875,0,0.213372,0,0,0,0,0,0,0
102,DAFA 14-01,22867.07185,225.4,170,1100,750,350,7.92E-02,1.61E-12,1.81E-04,0.14656518,1.14E-12,0.44427882,1.41E-12,1.13E-12,1.64E-02,0.29850315,2.32E-03,1.09E-02,1.43E-12,2.96E-05,1.91E-12,1.61E-03,90.608,0.97805789,0,0,0,0,0,0,0.97513727,0,0,0,0,0,0,0,0,0,0.79367543,0,0.20593292,0,0,0,0,0,0,0,0.78626211,0,0.21337193,0,0,0,0,0,0,0,-0.188875,0,0.213372,0,0,0,0,0,0,0
103,DAFA 14-02,23387.9604,728,100,1100,750,350,7.92E-02,1.63E-12,2.26E-04,0.14619908,1.15E-12,0.44218792,1.42E-12,1.13E-12,1.71E-02,0.29972128,2.52E-03,1.11E-02,1.44E-12,1.11E-12,1.91E-12,1.73E-03,75.664,0.97220595,0,0,0,0,0,0,0.96859377,0,0,0,0,0,0,0,0,0,0.78791238,0,0.21159737,0,0,0,0,0,0,0,0.78022267,0,0.21931907,0,0,0,0,0,0,0,-0.188371,0,0.219319,0,0,0,0,0,0,0
104,DAFA 14-02,22541.01449,108.2,170,1100,750,350,7.92E-02,1.63E-12,2.26E-04,0.14619908,1.15E-12,0.44218792,1.42E-12,1.13E-12,1.71E-02,0.29972128,2.52E-03,1.11E-02,1.44E-12,1.11E-12,1.91E-12,1.73E-03,75.664,0.97220595,0,0,0,0,0,0,0.96859377,0,0,0,0,0,0,0,0,0,0.78791238,0,0.21159737,0,0,0,0,0,0,0,0.78022267,0,0.21931907,0,0,0,0,0,0,0,-0.188371,0,0.219319,0,0,0,0,0,0,0
105,DAFA25,22666.76899,143.6,170,1100,750,350,7.87E-02,5.02E-05,2.26E-04,0.14592011,1.47E-12,0.43114738,2.18E-12,1.31E-12,1.72E-02,0.3002889,2.51E-03,2.21E-02,2.26E-12,1.32E-12,2.69E-12,1.79E-03,76.106,0.92652046,0,0,0,0,0,0,0.9187776,0,0,0,0,0,0,0,0,0,0.69352669,4.89E-02,0.25697294,7.55E-05,0,0,0,0,0,0,0.685081,4.88E-02,0.26555028,8.42E-05,0,0,0,0,0,0,-0.233697,0.0487522,0.26555,8.42E-05,0,0,0,0,0,0
106,DAFA26,22216.77622,681.2,170,1100,700,400,6.00E-02,2.17E-12,9.14E-05,0.1477169,1.45E-12,0.44449985,2.18E-12,1.46E-12,1.73E-02,0.30352206,2.54E-03,2.26E-02,2.42E-12,2.98E-05,2.79E-12,1.74E-03,189.278,0.93732266,0,0,0,0,0,0,0.93010634,0,0,0,0,0,0,0,0,0,0.71875137,0,0.20364767,1.14E-02,0,0,0,0,0,4.28E-02,0.71193635,0,0.21048911,1.28E-02,0,0,0,0,0,4.21E-02,-0.21817,0,0.210489,0.0128284,0,0,0,0,0,0.0420809
107,DAFA26,23507.09893,951.9,100,1100,750,350,6.00E-02,1.72E-12,9.14E-05,0.1477169,1.31E-12,0.44449985,1.73E-12,1.31E-12,1.73E-02,0.30352206,2.54E-03,2.26E-02,1.89E-12,2.98E-05,2.13E-12,1.74E-03,189.278,0.93732266,0,0,0,0,0,0,0.93010634,0,0,0,0,0,0,0,0,0,0.78582453,0,0.18196656,1.41E-02,0,0,0,0,0,0,0.7780301,0,0.18866045,1.57E-02,0,0,0,0,0,0,-0.152076,0,0.18866,0.0157228,0,0,0,0,0,0
108,DAFA26,22914.51207,250.8,170,1100,750,350,6.00E-02,1.72E-12,9.14E-05,0.1477169,1.31E-12,0.44449985,1.73E-12,1.31E-12,1.73E-02,0.30352206,2.54E-03,2.26E-02,1.89E-12,2.98E-05,2.13E-12,1.74E-03,189.278,0.93732266,0,0,0,0,0,0,0.93010634,0,0,0,0,0,0,0,0,0,0.78582453,0,0.18196656,1.41E-02,0,0,0,0,0,0,0.7780301,0,0.18866045,1.57E-02,0,0,0,0,0,0,-0.152076,0,0.18866,0.0157228,0,0,0,0,0,0
109,DAFA27,23531.8785,1006.5,100,1100,750,350,6.05E-02,3.02E-12,1.82E-04,0.14763845,2.32E-12,0.43380602,3.68E-12,2.37E-12,1.74E-02,0.30283483,2.73E-03,3.29E-02,2.15E-04,2.57E-12,3.86E-12,1.74E-03,95.604,0.87876416,0,0,0,0,0,0,0.86691032,0,0,0,0,0,0,0,0,0,0.72883907,0,0.20134438,4.43E-02,0,0,0,0,0,1.66E-02,0.71833198,0,0.20762844,4.92E-02,0,0,0,0,0,1.62E-02,-0.148578,0,0.207628,0.0492297,0,0,0,0,0,0.0161628
110,DAFA27,23064.86064,351.8,170,1100,750,350,6.05E-02,3.02E-12,1.82E-04,0.14763845,2.32E-12,0.43380602,3.68E-12,2.37E-12,1.74E-02,0.30283483,2.73E-03,3.29E-02,2.15E-04,2.57E-12,3.86E-12,1.74E-03,95.604,0.87876416,0,0,0,0,0,0,0.86691032,0,0,0,0,0,0,0,0,0,0.72883907,0,0.20134438,4.43E-02,0,0,0,0,0,1.66E-02,0.71833198,0,0.20762844,4.92E-02,0,0,0,0,0,1.62E-02,-0.148578,0,0.207628,0.0492297,0,0,0,0,0,0.0161628
111,DAFA29,23218.43389,7290,170,1100,700,400,6.02E-02,2.53E-04,2.96E-03,0.14714936,1.79E-12,0.44440121,2.75E-12,1.46E-12,1.65E-02,0.30247883,2.73E-03,2.15E-02,1.07E-04,2.97E-05,3.09E-12,1.74E-03,5.574,0.94716196,0,0,0,0,0,0,0.94191596,0,0,0,0,0,0,0,0,0,0.73934716,0,0.20033525,0,0,0,0,0,0,3.38E-02,0.73366206,0,0.20747089,0,0,0,0,0,0,3.33E-02,-0.208254,0,0.207471,0,0,0,0,0,0,0.0333117
112,DAFA29,24018.30776,3008.2,100,1100,750,350,6.02E-02,2.53E-04,2.96E-03,0.14714936,1.47E-12,0.44440121,1.98E-12,1.29E-12,1.65E-02,0.30247883,2.73E-03,2.15E-02,1.07E-04,2.97E-05,2.20E-12,1.74E-03,5.574,0.94716196,0,0,0,0,0,0,0.94191596,0,0,0,0,0,0,0,0,0,0.79709251,0,0.18031868,6.28E-04,0,0,0,0,0,0,0.7908183,0,0.18735778,7.05E-04,0,0,0,0,0,0,-0.151098,0,0.187358,0.000705271,0,0,0,0,0,0
113,OC-5,21338.46352,1314,250,1204,650,554,6.05E-02,4.58E-04,4.67E-03,0.14694755,4.24E-03,0.50197179,1.99E-02,1.15E-02,5.98E-03,0.23705304,2.74E-03,5.74E-04,5.40E-04,2.90E-03,1.02E-11,1.19E-11,1.281,0.99191148,0,0,0,6.34E-04,7.45E-03,0,0.99247063,0,0,0,0,0,5.76E-04,6.95E-03,0,0,0.90062691,0,1.44E-03,3.71E-02,0,1.37E-03,0,9.94E-03,4.00E-02,9.60E-03,0.89782594,0,1.48E-03,4.13E-02,0,1.33E-03,0,9.63E-03,3.89E-02,9.50E-03,-0.0946447,0,0.00148461,0.0413161,0,0.00133103,-0.000575682,0.0026743,0.0389122,0.00950218
114,OC-5,22170.8181,611,170,1204,700,504,6.05E-02,4.58E-04,4.67E-03,0.14694755,4.24E-03,0.50197179,1.99E-02,1.15E-02,5.98E-03,0.23705304,2.74E-03,5.74E-04,5.40E-04,2.90E-03,4.17E-12,6.04E-12,1.281,0.99191148,0,0,0,6.34E-04,7.45E-03,0,0.99247063,0,0,0,0,0,5.76E-04,6.95E-03,0,0,0.93566136,0,0,3.04E-02,0,0,1.14E-03,9.93E-03,2.28E-02,0,0.93337357,0,0,3.38E-02,0,0,1.06E-03,9.59E-03,2.21E-02,0,-0.0590971,0,0,0.0338315,0,0,0.000483497,0.00263623,0.0221458,0
115,OC-5,23732.5073,1581,100,1204,750,454,6.05E-02,4.58E-04,4.67E-03,0.14694755,4.24E-03,0.50197179,1.99E-02,1.15E-02,5.98E-03,0.23705304,2.74E-03,5.74E-04,5.40E-04,2.90E-03,2.61E-12,4.53E-12,1.281,0.99191148,0,0,0,6.34E-04,7.45E-03,0,0.99247063,0,0,0,0,0,5.76E-04,6.95E-03,0,0,0.96430832,0,0,2.13E-02,0,0,1.14E-03,9.92E-03,3.39E-03,0,0.96258314,0,0,2.36E-02,0,0,1.06E-03,9.53E-03,3.27E-03,0,-0.0298875,0,0,0.0235629,0,0,0.000480808,0.00257664,0.0032671,0
116,OC-6,21270.1102,1108,250,1204,650,554,7.06E-02,4.01E-04,4.29E-03,0.14655111,4.27E-03,0.50370237,1.95E-02,9.61E-04,1.37E-02,0.23176408,2.70E-03,5.66E-04,5.32E-04,4.42E-04,3.06E-12,9.25E-12,3.193,0.98213755,0,0,0,0,8.57E-03,0,0.98218836,0,0,0,0,0,0,8.13E-03,0,0,0.82587101,1.74E-02,0,0,0,1.20E-03,0,9.18E-03,8.07E-02,2.93E-02,0.82866625,1.76E-02,0,0,0,1.17E-03,0,8.98E-03,7.91E-02,2.90E-02,-0.153522,0.0176377,0,0,0,0.00117379,0,0.000853603,0.0790753,0.0290338
117,OC-6,21974.55428,384,170,1204,700,504,7.06E-02,4.01E-04,4.29E-03,0.14655111,4.27E-03,0.50370237,1.95E-02,9.61E-04,1.37E-02,0.23176408,2.70E-03,5.66E-04,5.32E-04,4.42E-04,2.80E-12,7.48E-12,3.193,0.98213755,0,0,0,0,8.57E-03,0,0.98218836,0,0,0,0,0,0,8.13E-03,0,0,0.87965993,1.60E-02,5.90E-02,0,0,1.20E-03,0,9.24E-03,2.62E-02,0,0.87836564,1.61E-02,6.15E-02,0,0,1.16E-03,0,9.00E-03,2.55E-02,0,-0.103823,0.0160814,0.0614747,0,0,0.00116132,0,0.000870841,0.0254835,0
118,OC-6,23035.0914,329,100,1204,750,454,7.06E-02,4.01E-04,4.29E-03,0.14655111,4.27E-03,0.50370237,1.95E-02,9.61E-04,1.37E-02,0.23176408,2.70E-03,5.66E-04,5.32E-04,4.42E-04,2.00E-12,4.75E-12,3.193,0.98213755,0,0,0,0,8.57E-03,0,0.98218836,0,0,0,0,0,0,8.13E-03,0,0,0.91922823,0,6.81E-02,0,0,1.20E-03,0,9.27E-03,2.21E-03,0,0.9166301,0,7.11E-02,0,0,1.15E-03,0,9.01E-03,2.14E-03,0,-0.0655583,0,0.0710786,0,0,0.00115101,0,0.000879824,0.00213523,0
119,OC-8,22018.1407,7161,250,1204,650,554,6.04E-02,1.01E-04,4.33E-03,0.19919959,1.21E-03,0.40877416,1.39E-03,8.55E-04,1.91E-02,0.30037873,2.73E-03,5.71E-04,5.37E-04,4.17E-04,2.55E-12,7.15E-12,4.411,0.96516014,0,0,0,0,8.66E-03,0,0.96350654,0,0,0,0,0,0,8.31E-03,0,0,0.65255502,0,0.13653919,0,0,3.01E-04,0,9.14E-03,0,0.18503015,0.65042767,0,0.14057529,0,0,2.94E-04,0,8.87E-03,0,0.18374796,-0.313079,0,0.140575,0,0,0.000294428,0,0.000562978,0,0.183748
120,OC-8,22768.38729,2513,170,1204,700,504,6.04E-02,1.01E-04,4.33E-03,0.19919959,1.21E-03,0.40877416,1.39E-03,8.55E-04,1.91E-02,0.30037873,2.73E-03,5.71E-04,5.37E-04,4.17E-04,2.12E-12,6.00E-12,4.411,0.96516014,0,0,0,0,8.66E-03,0,0.96350654,0,0,0,0,0,0,8.31E-03,0,0,0.75056996,3.87E-02,0.1041936,0,0,2.96E-04,0,9.18E-03,0,7.55E-02,0.74810112,3.91E-02,0.10776852,0,0,2.89E-04,0,8.91E-03,0,7.48E-02,-0.215405,0.0390706,0.107769,0,0,0.000289033,0,0.000601233,0,0.0748345
121,OC-8,23465.59354,867,100,1204,750,454,6.04E-02,1.01E-04,4.33E-03,0.19919959,1.21E-03,0.40877416,1.39E-03,8.55E-04,1.91E-02,0.30037873,2.73E-03,5.71E-04,5.37E-04,4.17E-04,1.65E-12,4.11E-12,4.411,0.96516014,0,0,0,0,8.66E-03,0,0.96350654,0,0,0,0,0,0,8.31E-03,0,0,0.82189114,6.69E-02,7.45E-02,0,0,2.87E-04,0,9.21E-03,0,0,0.81942703,6.74E-02,7.74E-02,0,0,2.79E-04,0,8.94E-03,0,0,-0.14408,0.0674041,0.0774422,0,0,0.000279257,0,0.000637093,0,0
122,OC-9,22003.3158,6901,250,1204,650,554,6.06E-02,1.01E-04,5.94E-04,0.20042774,1.21E-03,0.41166486,1.40E-03,8.58E-04,1.85E-02,0.30036957,2.73E-03,5.73E-04,5.38E-04,4.18E-04,2.52E-12,4.85E-12,31.145,0.93093012,0,0,0,0,6.58E-04,0,0.9258745,0,0,0,0,0,0,6.26E-04,0,0,0.6345602,0,0.14096757,0,0,3.02E-04,0,1.25E-03,0,0.19504017,0.63253263,0,0.14520219,0,0,2.95E-04,0,1.19E-03,0,0.19350891,-0.293342,0,0.145202,0,0,0.000295191,0,0.000564908,0,0.193509
123,OC-9,22548.07706,1492,170,1204,700,504,6.06E-02,1.01E-04,5.94E-04,0.20042774,1.21E-03,0.41166486,1.40E-03,8.58E-04,1.85E-02,0.30036957,2.73E-03,5.73E-04,5.38E-04,4.18E-04,2.08E-12,3.94E-12,31.145,0.93093012,0,0,0,0,6.58E-04,0,0.9258745,0,0,0,0,0,0,6.26E-04,0,0,0.70402433,1.63E-03,0.11914416,0,0,2.98E-04,0,1.25E-03,0,0.14404998,0.70196354,1.64E-03,0.12331731,0,0,2.90E-04,0,1.20E-03,0,0.14269828,-0.223911,0.00164037,0.123317,0,0,0.000290495,0,0.000570606,0,0.142698
124,OC-9,23366.71074,694,100,1204,750,454,6.06E-02,1.01E-04,5.94E-04,0.20042774,1.21E-03,0.41166486,1.40E-03,8.58E-04,1.85E-02,0.30036957,2.73E-03,5.73E-04,5.38E-04,4.18E-04,1.61E-12,2.83E-12,31.145,0.93093012,0,0,0,0,6.58E-04,0,0.9258745,0,0,0,0,0,0,6.26E-04,0,0,0.80256387,7.76E-02,7.95E-02,0,0,2.88E-04,0,1.26E-03,0,0,0.79998214,7.81E-02,8.26E-02,0,0,2.81E-04,0,1.20E-03,0,0,-0.125892,0.0781382,0.0826087,0,0,0.000280629,0,0.000572307,0,0
125,OC-10,20950.3468,499,250,1204,650,554,5.05E-02,4.52E-04,4.88E-03,0.14663342,2.65E-02,0.58090409,6.91E-02,8.48E-04,5.72E-03,0.1102145,2.70E-03,5.67E-04,5.33E-04,4.43E-04,1.46E-12,8.54E-12,1.172,0.98761951,0,0,0,0,8.24E-03,0,0.98835975,0,0,0,0,0,0,7.66E-03,0,0,0.91729945,0,0,1.39E-03,0,1.36E-03,0,1.06E-02,2.16E-02,4.15E-02,0.91811007,0,0,1.61E-03,0,1.30E-03,0,1.03E-02,2.17E-02,4.06E-02,-0.0702497,0,0,0.00160779,0,0.00130385,0,0.00262224,0.021716,0.0405552
126,OC-10,21816.22062,264,170,1204,700,504,5.05E-02,4.52E-04,4.88E-03,0.14663342,2.65E-02,0.58090409,6.91E-02,8.48E-04,5.72E-03,0.1102145,2.70E-03,5.67E-04,5.33E-04,4.43E-04,1.25E-12,7.93E-12,1.172,0.98761951,0,0,0,0,8.24E-03,0,0.98835975,0,0,0,0,0,0,7.66E-03,0,0,0.98278499,0,0,7.00E-04,0,1.35E-03,0,1.06E-02,9.49E-04,0,0.98297583,0,0,8.16E-04,0,1.30E-03,0,1.02E-02,9.55E-04,0,-0.00538392,0,0,0.00081608,0,0.00129584,0,0.00257849,0.000955374,0
127,OC-10,23240.17692,522,100,1204,750,454,5.05E-02,4.52E-04,4.88E-03,0.14663342,2.65E-02,0.58090409,6.91E-02,8.48E-04,5.72E-03,0.1102145,2.70E-03,5.67E-04,5.33E-04,4.43E-04,1.12E-12,5.24E-12,1.172,0.98761951,0,0,0,0,8.24E-03,0,0.98835975,0,0,0,0,0,0,7.66E-03,0,0,0.98808818,0,0,0,0,1.35E-03,0,1.06E-02,0,0,0.9885065,0,0,0,0,1.29E-03,0,1.02E-02,0,0,0.00014675,0,0,0,0,0.00129003,0,0.00254138,0,0
128,OC-A,21365.59045,1406,250,1204,650,554,6.24E-02,5.09E-04,2.15E-03,0.14874255,4.50E-03,0.50295174,2.00E-02,1.15E-02,6.04E-03,0.2345001,2.74E-03,5.74E-04,5.40E-04,2.87E-03,1.15E-11,6.24E-12,2.809,0.99169473,0,0,0,0,3.31E-03,0,0.99183246,0,0,0,0,0,0,3.09E-03,0,0,0.8736075,0,0,3.74E-02,0,1.53E-03,0,4.58E-03,5.12E-02,2.05E-02,0.87138252,0,0,4.17E-02,0,1.48E-03,0,4.39E-03,4.99E-02,2.03E-02,-0.12045,0,0,0.0416699,0,0.00148053,0,0.00129974,0.0498713,0.020301
129,OC-A,23245.2545,528,100,1204,750,454,6.24E-02,5.09E-04,2.15E-03,0.14874255,4.50E-03,0.50295174,2.00E-02,1.15E-02,6.04E-03,0.2345001,2.74E-03,5.74E-04,5.40E-04,2.87E-03,2.51E-12,1.97E-12,2.809,0.99169473,0,0,0,0,3.31E-03,0,0.99183246,0,0,0,0,0,0,3.09E-03,0,0,0.95296395,0,6.86E-03,2.78E-02,0,0,1.26E-03,4.61E-03,6.54E-03,0,0.94999832,0,7.12E-03,3.10E-02,0,0,1.17E-03,4.41E-03,6.31E-03,0,-0.0418341,0,0.00711962,0.0309906,0,0,0.00117057,0.00132132,0.00630769,0
130,OC-B,21188.98664,905,250,1204,650,554,6.14E-02,5.06E-04,9.29E-03,0.14719975,4.39E-03,0.49956907,1.99E-02,1.14E-02,5.89E-03,0.23350861,2.92E-03,5.71E-04,5.37E-04,2.86E-03,7.40E-12,1.44E-11,0.634,0.98782917,0,0,0,7.50E-04,1.14E-02,0,0.98877608,0,0,0,0,0,6.82E-04,1.05E-02,0,0,0.89435059,0,0,3.03E-02,1.85E-02,1.52E-03,0,1.15E-02,4.38E-02,0,0.89424623,0,0,3.38E-02,1.66E-02,1.48E-03,0,1.11E-02,4.28E-02,0,-0.0945298,0,0,0.0337757,0.0165959,0.0014767,-0.000682142,0.000584201,0.0427795,0
131,OC-B,23696.21912,1457,100,1204,750,454,6.14E-02,5.06E-04,9.29E-03,0.14719975,4.39E-03,0.49956907,1.99E-02,1.14E-02,5.89E-03,0.23350861,2.92E-03,5.71E-04,5.37E-04,2.86E-03,3.22E-12,9.28E-12,0.634,0.98782917,0,0,0,7.50E-04,1.14E-02,0,0.98877608,0,0,0,0,0,6.82E-04,1.05E-02,0,0,0.94574852,0,0,1.49E-02,1.80E-02,0,1.26E-03,1.17E-02,8.47E-03,0,0.94702254,0,0,1.65E-02,1.60E-02,0,1.17E-03,1.11E-02,8.19E-03,0,-0.0417535,0,0,0.0164752,0.015988,0,0.00049202,0.00060428,0.00819403,0
132,OC-C,21165.73561,854,250,1204,650,554,8.32E-02,5.03E-04,2.22E-03,0.14674811,4.45E-03,0.48712152,1.98E-02,1.13E-02,5.80E-03,0.23212847,2.71E-03,5.68E-04,5.34E-04,2.84E-03,1.34E-11,6.79E-12,2.613,0.99135109,0,0,0,0,3.48E-03,0,0.991537,0,0,0,0,0,0,3.22E-03,0,0,0.78262903,0,0,3.86E-02,0,1.51E-03,0,4.73E-03,0.1252684,3.91E-02,0.78207154,0,0,4.31E-02,0,1.47E-03,0,4.56E-03,0.12213393,3.87E-02,-0.209465,0,0,0.0431455,0,0.00146575,0,0.00133996,0.122134,0.0386876
133,OC-C,23369.2641,698,100,1204,750,454,8.32E-02,5.03E-04,2.22E-03,0.14674811,4.45E-03,0.48712152,1.98E-02,1.13E-02,5.80E-03,0.23212847,2.71E-03,5.68E-04,5.34E-04,2.84E-03,2.78E-12,2.46E-12,2.613,0.99135109,0,0,0,0,3.48E-03,0,0.991537,0,0,0,0,0,0,3.22E-03,0,0,0.8737377,0,0,3.20E-02,0,0,1.25E-03,4.76E-03,8.82E-02,0,0.8731557,0,0,3.59E-02,0,0,1.16E-03,4.57E-03,8.52E-02,0,-0.118381,0,0,0.0359236,0,0,0.00115826,0.00135071,0.0851925,0
134,OC-D,21285.72064,1152,250,1204,650,554,8.24E-02,5.00E-04,9.41E-03,0.14533465,4.43E-03,0.48382358,1.97E-02,1.12E-02,5.88E-03,0.23069566,2.70E-03,5.65E-04,5.31E-04,2.82E-03,8.70E-12,1.51E-11,0.625,0.98758159,0,0,0,7.95E-04,1.16E-02,0,0.98866191,0,0,0,0,0,7.16E-04,1.06E-02,0,0,0.81474436,0,0,3.05E-02,1.91E-02,1.50E-03,0,1.15E-02,0.11853139,4.12E-03,0.81626243,0,0,3.40E-02,1.71E-02,1.46E-03,0,1.11E-02,0.11586717,4.09E-03,-0.172399,0,0,0.034046,0.0171252,0.00146207,-0.00071632,0.000528196,0.115867,0.00408717
135,OC-D,23755.50677,1665,100,1204,750,454,8.24E-02,5.00E-04,9.41E-03,0.14533465,4.43E-03,0.48382358,1.97E-02,1.12E-02,5.88E-03,0.23069566,2.70E-03,5.65E-04,5.31E-04,2.82E-03,2.78E-12,7.38E-12,0.625,0.98758159,0,0,0,7.95E-04,1.16E-02,0,0.98866191,0,0,0,0,0,7.16E-04,1.06E-02,0,0,0.86529523,0,0,1.66E-02,1.85E-02,0,1.25E-03,1.17E-02,8.66E-02,0,0.86873621,0,0,1.85E-02,1.65E-02,0,1.16E-03,1.12E-02,8.39E-02,0,-0.119926,0,0,0.0184796,0.0164928,0,0.000445877,0.000571143,0.0839362,0
136,OC-E,20988.62527,549,250,1204,650,554,8.20E-02,4.97E-04,9.34E-03,0.14469729,4.39E-03,0.4910002,1.96E-02,8.40E-04,1.46E-02,0.22893669,2.68E-03,5.61E-04,5.27E-04,4.09E-04,3.59E-12,1.34E-11,1.563,0.97596297,0,0,0,0,1.87E-02,0,0.97697382,0,0,0,0,0,0,1.76E-02,0,0,0.78902396,2.59E-02,0,0,0,1.49E-03,0,2.01E-02,0.11792238,2.90E-02,0.79206908,2.63E-02,0,0,0,1.45E-03,0,1.97E-02,0.11555872,2.88E-02,-0.184905,0.0262578,0,0,0,0.00145436,0,0.00213471,0.115559,0.0287718
137,OC-E,23276.91547,567,100,1204,750,454,8.20E-02,4.97E-04,9.34E-03,0.14469729,4.39E-03,0.4910002,1.96E-02,8.40E-04,1.46E-02,0.22893669,2.68E-03,5.61E-04,5.27E-04,4.09E-04,2.14E-12,6.66E-12,1.563,0.97596297,0,0,0,0,1.87E-02,0,0.97697382,0,0,0,0,0,0,1.76E-02,0,0,0.88435693,0,2.52E-02,0,0,1.48E-03,0,2.02E-02,6.87E-02,0,0.8856922,0,2.65E-02,0,0,1.43E-03,0,1.99E-02,6.66E-02,0,-0.0912816,0,0.0264611,0,0,0.00143355,0,0.0022443,0.0665568,0
138,OC-F,21028.22223,606,250,1204,650,554,8.41E-02,4.53E-04,9.10E-03,0.14625844,4.45E-03,0.47105341,1.97E-02,1.12E-02,1.48E-02,0.23218135,2.71E-03,5.68E-04,5.34E-04,2.87E-03,1.28E-11,1.72E-11,1.626,0.97487597,0,0,0,0,1.82E-02,0,0.97583677,0,0,0,0,0,0,1.71E-02,0,0,0.74445952,0,0,3.82E-02,0,1.36E-03,0,1.95E-02,0.13354238,5.00E-02,0.7444564,0,0,4.28E-02,0,1.32E-03,0,1.91E-02,0.13028985,4.95E-02,-0.23138,0,0,0.0427569,0,0.0013203,0,0.00201759,0.13029,0.0494999
139,OC-F,23277.69835,568,100,1204,750,454,8.41E-02,4.53E-04,9.10E-03,0.14625844,4.45E-03,0.47105341,1.97E-02,1.12E-02,1.48E-02,0.23218135,2.71E-03,5.68E-04,5.34E-04,2.87E-03,2.76E-12,4.44E-12,1.626,0.97487597,0,0,0,0,1.82E-02,0,0.97583677,0,0,0,0,0,0,1.71E-02,0,0,0.8471009,0,8.23E-04,3.57E-02,0,0,1.12E-03,1.96E-02,9.56E-02,0,0.84641107,0,8.57E-04,4.03E-02,0,0,1.04E-03,1.92E-02,9.23E-02,0,-0.129426,0,0.000857268,0.0402571,0,0,0.00104078,0.00207404,0.0922661,0
140,OC-G,21253.4902,1063,250,1204,650,554,6.21E-02,4.04E-04,9.09E-03,0.14530376,4.47E-03,0.54848734,1.99E-02,1.13E-02,5.93E-03,0.18649233,2.53E-03,5.70E-04,5.36E-04,2.88E-03,7.27E-12,1.45E-11,0.652,0.98805286,0,0,0,5.60E-04,1.14E-02,0,0.98898405,0,0,0,0,0,5.07E-04,1.05E-02,0,0,0.89483056,0,0,3.06E-02,1.68E-02,5.23E-04,5.73E-04,1.18E-02,4.48E-02,0,0.8947906,0,0,3.40E-02,1.50E-02,5.08E-04,5.33E-04,1.14E-02,4.38E-02,0,-0.0941935,0,0,0.0339816,0.0150013,0.000507511,2.62E-05,0.00087016,0.0438066,0
141,OC-G,23706.16955,1490,100,1204,750,454,6.21E-02,4.04E-04,9.09E-03,0.14530376,4.47E-03,0.54848734,1.99E-02,1.13E-02,5.93E-03,0.18649233,2.53E-03,5.70E-04,5.36E-04,2.88E-03,2.82E-12,8.53E-12,0.652,0.98805286,0,0,0,5.60E-04,1.14E-02,0,0.98898405,0,0,0,0,0,5.07E-04,1.05E-02,0,0,0.94733986,0,0,1.63E-02,1.61E-02,0,1.00E-03,1.20E-02,7.27E-03,0,0.94844323,0,0,1.79E-02,1.42E-02,0,9.34E-04,1.14E-02,7.03E-03,0,-0.0405408,0,0,0.0179204,0.0142485,0,0.000427514,0.000917017,0.00702739,0
142,OC-H,21073.8158,679,250,1204,650,554,6.18E-02,4.06E-04,9.03E-03,0.14422929,4.43E-03,0.55564952,1.97E-02,8.51E-04,1.48E-02,0.1847284,2.90E-03,5.66E-04,5.30E-04,4.17E-04,1.83E-12,7.51E-12,1.639,0.98099339,0,0,0,0,1.83E-02,0,0.98186726,0,0,0,0,0,0,1.74E-02,0,0,0.80957795,0.10985107,0,0,0,1.20E-03,0,1.94E-02,4.17E-02,0,0.81035581,0.11080614,0,0,0,1.17E-03,0,1.91E-02,4.08E-02,0,-0.171511,0.110806,0,0,0,0.00116867,0,0.00173656,0.0408191,0
143,OC-H,23114.06358,393,100,1204,750,454,6.18E-02,4.01E-04,9.02E-03,0.14421422,4.43E-03,0.55562841,1.97E-02,8.47E-04,1.48E-02,0.18472468,2.89E-03,5.66E-04,5.32E-04,4.13E-04,1.39E-12,4.87E-12,1.641,0.98099339,0,0,0,0,1.83E-02,0,0.98186726,0,0,0,0,0,0,1.74E-02,0,0,0.96376531,0,1.27E-02,2.85E-03,0,0,0,1.97E-02,0,0,0.96287845,0,1.34E-02,3.41E-03,0,0,0,1.93E-02,0,0,-0.0189888,0,0.01337,0.00340681,0,0,0,0.0019175,0,0
144,OC-I,21087.16915,702,250,1204,650,554,5.06E-02,5.51E-04,7.71E-03,0.14420377,2.59E-02,0.59939726,4.92E-02,8.47E-04,6.01E-03,0.11150986,2.51E-03,5.66E-04,5.32E-04,4.42E-04,1.38E-12,2.11E-11,0.78,0.98482382,0,0,0,0,1.10E-02,0,0.98580693,0,0,0,0,0,0,1.02E-02,0,0,0.7509339,0.21260242,0,0,7.93E-03,1.65E-03,0,1.27E-02,6.44E-03,0,0.75168107,0.21331525,0,0,6.97E-03,1.60E-03,0,1.20E-02,6.47E-03,0,-0.234126,0.213315,0,0,0.0069655,0.00159625,0,0.00187901,0.00646718,0
145,OC-I,23439.20316,817,100,1204,750,454,5.06E-02,5.51E-04,7.71E-03,0.14420377,2.59E-02,0.59939726,4.92E-02,8.47E-04,6.01E-03,0.11150986,2.51E-03,5.66E-04,5.32E-04,4.42E-04,1.12E-12,1.47E-11,0.78,0.98482382,0,0,0,0,1.10E-02,0,0.98580693,0,0,0,0,0,0,1.02E-02,0,0,0.90998801,6.84E-02,0,0,7.20E-03,1.65E-03,0,1.27E-02,0,0,0.91155078,6.86E-02,0,0,6.26E-03,1.58E-03,0,1.20E-02,0,0,-0.0742561,0.0686121,0,0,0.00625525,0.00158349,0,0.00183355,0,0
146,OC-J,21050.10412,640,250,1204,650,554,5.13E-02,4.50E-04,9.01E-03,0.14395646,2.60E-02,0.58057937,6.68E-02,8.46E-04,5.88E-03,0.11104217,2.50E-03,5.65E-04,5.31E-04,4.41E-04,1.17E-12,1.34E-11,0.653,0.98490453,0,0,0,0,1.13E-02,0,0.98600758,0,0,0,0,0,0,1.04E-02,0,0,0.94202204,0,0,0,1.48E-02,1.35E-03,0,1.24E-02,2.07E-02,2.96E-03,0.94431083,0,0,0,1.29E-02,1.30E-03,0,1.18E-02,2.09E-02,2.90E-03,-0.0416967,0,0,0,0.0129345,0.00130176,0,0.00137486,0.0209139,0.00289519
147,OC-J,23355.69221,677,100,1204,750,454,5.13E-02,4.50E-04,9.01E-03,0.14395646,2.60E-02,0.58057937,6.68E-02,8.46E-04,5.88E-03,0.11104217,2.50E-03,5.65E-04,5.31E-04,4.41E-04,1.11E-12,1.23E-11,0.653,0.98490453,0,0,0,0,1.13E-02,0,0.98600758,0,0,0,0,0,0,1.04E-02,0,0,0.97220637,0,0,0,1.40E-02,1.34E-03,0,1.25E-02,0,0,0.9749138,0,0,0,1.21E-02,1.29E-03,0,1.17E-02,0,0,-0.0110938,0,0,0,0.0120718,0.00128645,0,0.00131395,0,0
148,OC-K,20732.79335,290,250,1204,650,554,5.07E-02,4.52E-04,4.52E-03,0.14525295,2.60E-02,0.55280979,9.81E-02,8.48E-04,5.90E-03,0.11130587,2.70E-03,5.67E-04,5.33E-04,4.13E-04,1.60E-12,1.01E-11,1.305,0.98686997,0,0,0,0,7.84E-03,0,0.98769514,0,0,0,0,0,0,7.26E-03,0,0,0.88773134,0,0,3.30E-03,0,1.36E-03,0,9.80E-03,3.15E-02,6.57E-02,0.88900383,0,0,3.85E-03,0,1.30E-03,0,9.50E-03,3.17E-02,6.39E-02,-0.0986913,0,0,0.00385482,0,0.0012989,0,0.00223992,0.0316829,0.063945
149,OC-K,22862.31587,223,100,1204,750,454,5.07E-02,4.52E-04,4.52E-03,0.14525295,2.60E-02,0.55280979,9.81E-02,8.48E-04,5.90E-03,0.11130587,2.70E-03,5.67E-04,5.33E-04,4.13E-04,1.21E-12,5.97E-12,1.305,0.98686997,0,0,0,0,7.84E-03,0,0.98769514,0,0,0,0,0,0,7.26E-03,0,0,0.98907304,0,0,0,0,0,0,9.80E-03,0,0,0.98938883,0,0,0,0,0,0,9.44E-03,0,0,0.00169369,0,0,0,0,0,0,0.00217363,0,0
150,OC-L,20840.08399,379,250,1204,650,554,5.09E-02,4.50E-04,9.00E-03,0.14441681,2.60E-02,0.54887862,9.80E-02,8.45E-04,5.88E-03,0.11136472,2.69E-03,5.65E-04,5.31E-04,4.41E-04,1.16E-12,1.37E-11,0.653,0.9837894,0,0,0,0,1.13E-02,0,0.98505172,0,0,0,0,0,0,1.03E-02,0,0,0.90360782,0,0,0,1.47E-02,1.35E-03,0,1.24E-02,3.09E-02,3.65E-02,0.90680685,0,0,0,1.28E-02,1.30E-03,0,1.18E-02,3.12E-02,3.57E-02,-0.0782449,0,0,0,0.0127925,0.00129671,0,0.00141725,0.0311867,0.0356625
151,OC-L,23001.43874,305,100,1204,750,454,5.09E-02,4.50E-04,9.00E-03,0.14441681,2.60E-02,0.54887862,9.80E-02,8.45E-04,5.88E-03,0.11136472,2.69E-03,5.65E-04,5.31E-04,4.41E-04,1.14E-12,1.26E-11,0.653,0.9837894,0,0,0,0,1.13E-02,0,0.98505172,0,0,0,0,0,0,1.03E-02,0,0,0.97221567,0,0,0,1.40E-02,1.34E-03,0,1.25E-02,0,0,0.97505302,0,0,0,1.20E-02,1.28E-03,0,1.17E-02,0,0,-0.0099987,0,0,0,0.0120099,0.00127911,0,0.00132309,0,0
152,OC-N,21358.68892,1382,250,1204,650,554,6.12E-02,3.54E-04,6.74E-03,0.14586375,4.48E-03,0.55150177,1.99E-02,1.14E-02,5.95E-03,0.18628825,2.34E-03,5.71E-04,5.37E-04,2.86E-03,1.12E-11,1.94E-11,0.883,0.98962321,0,0,0,4.36E-04,9.94E-03,0,0.99037932,0,0,0,0,0,3.94E-04,9.23E-03,0,0,0.89054098,1.53E-02,0,3.41E-02,5.72E-03,1.06E-03,0,1.17E-02,4.16E-02,0,0.88887116,1.54E-02,0,3.78E-02,5.10E-03,1.03E-03,0,1.13E-02,4.05E-02,0,-0.101508,0.0153717,0,0.0378126,0.00510314,0.00102909,-0.000394316,0.00204284,0.0405431,0
153,OC-N,22519.6707,1395,170,1204,700,504,6.12E-02,3.54E-04,6.74E-03,0.14586375,4.48E-03,0.55150177,1.99E-02,1.14E-02,5.95E-03,0.18628825,2.34E-03,5.71E-04,5.37E-04,2.86E-03,3.41E-12,8.63E-12,0.883,0.98962321,0,0,0,4.36E-04,9.94E-03,0,0.99037932,0,0,0,0,0,3.94E-04,9.23E-03,0,0,0.93091798,0,0,2.73E-02,5.46E-03,0,8.83E-04,1.18E-02,2.36E-02,0,0.92994826,0,0,3.01E-02,4.85E-03,0,8.20E-04,1.13E-02,2.30E-02,0,-0.0604311,0,0,0.0301464,0.00485171,0,0.00042538,0.0020556,0.022952,0
154,OC-N,23757.90183,1674,100,1204,750,454,6.12E-02,3.54E-04,6.74E-03,0.14586375,4.48E-03,0.55150177,1.99E-02,1.14E-02,5.95E-03,0.18628825,2.34E-03,5.71E-04,5.37E-04,2.86E-03,2.97E-12,1.02E-11,0.883,0.98962321,0,0,0,4.36E-04,9.94E-03,0,0.99037932,0,0,0,0,0,3.94E-04,9.23E-03,0,0,0.95975376,0,0,1.88E-02,5.01E-03,0,8.80E-04,1.19E-02,3.65E-03,0,0.95924356,0,0,2.07E-02,4.43E-03,0,8.17E-04,1.13E-02,3.53E-03,0,-0.0311358,0,0,0.0206529,0.00442669,0,0.000422789,0.00210747,0.00352595,0
155,OC-O,21177.30173,879,250,1204,650,554,5.99E-02,4.02E-04,6.66E-03,0.14539398,4.45E-03,0.55778497,1.96E-02,1.12E-02,5.85E-03,0.18533927,2.32E-03,5.68E-04,5.34E-04,4.26E-12,6.20E-12,1.39E-11,0.878,0.98970676,0,0,0,5.35E-04,9.76E-03,0,0.99044476,0,0,0,0,0,4.84E-04,9.07E-03,0,0,0.906521,1.96E-02,0,2.18E-02,5.54E-03,0,1.00E-03,1.16E-02,3.40E-02,0,0.90584088,1.97E-02,0,2.42E-02,4.95E-03,0,9.37E-04,1.12E-02,3.32E-02,0,-0.0846039,0.0196948,0,0.0242037,0.00495179,0,0.000453016,0.00213051,0.03317,0
156,OC-O,22275.63019,783,170,1204,700,504,5.99E-02,4.02E-04,6.66E-03,0.14539398,4.45E-03,0.55778497,1.96E-02,1.12E-02,5.85E-03,0.18533927,2.32E-03,5.68E-04,5.34E-04,2.18E-12,2.92E-12,1.06E-11,0.878,0.98970676,0,0,0,5.35E-04,9.76E-03,0,0.99044476,0,0,0,0,0,4.84E-04,9.07E-03,0,0,0.95453385,0,0,1.26E-02,5.22E-03,0,1.00E-03,1.17E-02,1.49E-02,0,0.95472415,0,0,1.40E-02,4.64E-03,0,9.37E-04,1.12E-02,1.45E-02,0,-0.0357206,0,0,0.0139872,0.00464312,0,0.000452882,0.00217797,0.0144594,0
157,OC-O,23170.26956,446,100,1204,750,454,5.99E-02,4.02E-04,6.66E-03,0.14539398,4.45E-03,0.55778497,1.96E-02,1.12E-02,5.85E-03,0.18533927,2.32E-03,5.68E-04,5.34E-04,1.10E-12,1.13E-12,8.07E-12,0.878,0.98970676,0,0,0,5.35E-04,9.76E-03,0,0.99044476,0,0,0,0,0,4.84E-04,9.07E-03,0,0,0.98249052,0,0,0,4.54E-03,0,1.00E-03,1.20E-02,0,0,0.98362951,0,0,0,4.03E-03,0,9.36E-04,1.14E-02,0,0,-0.00681525,0,0,0,0.00402649,0,0.000451803,0.00233695,0,0
158,OC-P,21154.79174,831,250,1204,650,554,6.15E-02,4.01E-04,6.86E-03,0.1447,4.44E-03,0.55977149,1.96E-02,1.13E-02,3.50E-03,0.18448388,2.32E-03,5.66E-04,5.32E-04,2.88E-12,3.67E-12,9.44E-12,0.51,0.99285706,0,0,0,5.35E-04,6.61E-03,0,0.99344485,0,0,0,0,0,4.84E-04,6.07E-03,0,0,0.91871099,0,0,1.84E-02,1.63E-02,0,1.00E-03,7.33E-03,3.82E-02,0,0.91959489,0,0,2.05E-02,1.46E-02,0,9.36E-04,7.02E-03,3.74E-02,0,-0.07385,0,0,0.0204957,0.0146012,0,0.000451933,0.00094801,0.0373531,0
159,OC-P,22318.69258,867,170,1204,700,504,6.15E-02,4.01E-04,6.86E-03,0.1447,4.44E-03,0.55977149,1.96E-02,1.13E-02,3.50E-03,0.18448388,2.32E-03,5.66E-04,5.32E-04,2.13E-12,2.83E-12,9.04E-12,0.51,0.99285706,0,0,0,5.35E-04,6.61E-03,0,0.99344485,0,0,0,0,0,4.84E-04,6.07E-03,0,0,0.94808894,0,0,8.95E-03,1.60E-02,0,1.00E-03,7.43E-03,1.85E-02,0,0.94979969,0,0,9.92E-03,1.43E-02,0,9.37E-04,7.08E-03,1.80E-02,0,-0.0436452,0,0,0.00991697,0.0142697,0,0.00045209,0.00100922,0.0179972,0
160,OC-P,23703.47782,1481,100,1204,750,454,6.15E-02,4.01E-04,6.86E-03,0.1447,4.44E-03,0.55977149,1.96E-02,1.13E-02,3.50E-03,0.18448388,2.32E-03,5.66E-04,5.32E-04,1.11E-12,1.07E-12,5.12E-12,0.51,0.99285706,0,0,0,5.35E-04,6.61E-03,0,0.99344485,0,0,0,0,0,4.84E-04,6.07E-03,0,0,0.97585682,0,0,0,1.56E-02,0,9.99E-04,7.55E-03,0,0,0.97809471,0,0,0,1.38E-02,0,9.33E-04,7.15E-03,0,0,-0.0153501,0,0,0,0.0138186,0,0.000448859,0.00108267,0,0
161,OC-Q,20845.33772,384,250,1204,650,554,5.04E-02,4.99E-04,9.03E-03,0.14439095,2.60E-02,0.60296341,4.88E-02,6.19E-04,3.43E-03,0.1106329,2.11E-03,5.64E-04,5.30E-04,2.25E-12,1.31E-12,1.88E-11,0.38,0.99183025,0,0,1.04E-03,0,7.13E-03,0,0.9924991,0,0,0,0,9.89E-04,0,6.51E-03,0,0,0.7812054,0.1718702,0,0,2.56E-02,1.49E-03,0,7.74E-03,4.71E-03,0,0.78387324,0.1728354,0,0,2.22E-02,1.44E-03,0,7.31E-03,4.74E-03,0,-0.208626,0.172835,0,0,0.0222188,0.00044962,0,0.000796684,0.00473742,0
162,OC-Q,21845.5882,283,170,1204,700,504,5.04E-02,4.99E-04,9.03E-03,0.14439095,2.60E-02,0.60296341,4.88E-02,6.19E-04,3.43E-03,0.1106329,2.11E-03,5.64E-04,5.30E-04,1.87E-12,1.10E-12,1.12E-11,0.38,0.99183025,0,0,1.04E-03,0,7.13E-03,0,0.9924991,0,0,0,0,9.89E-04,0,6.51E-03,0,0,0.8839351,7.84E-02,0,0,2.53E-02,1.48E-03,0,7.75E-03,0,0,0.88734627,7.88E-02,0,0,2.19E-02,1.43E-03,0,7.29E-03,0,0,-0.105153,0.078791,0,0,0.0219257,0.000436513,0,0.000778843,0,0
163,OC-Q,23037.78404,331,100,1204,750,454,5.04E-02,4.99E-04,9.03E-03,0.14439095,2.60E-02,0.60296341,4.88E-02,6.19E-04,3.43E-03,0.1106329,2.11E-03,5.64E-04,5.30E-04,1.80E-12,1.08E-12,1.07E-11,0.38,0.99183025,0,0,1.04E-03,0,7.13E-03,0,0.9924991,0,0,0,0,9.89E-04,0,6.51E-03,0,0,0.96091915,4.98E-03,0,0,2.49E-02,1.46E-03,0,7.76E-03,0,0,0.96485921,5.01E-03,0,0,2.15E-02,1.41E-03,0,7.27E-03,0,0,-0.0276399,0.00500842,0,0,0.021454,0.000416792,0,0.000760673,0,0
164,OC-R,20779.69984,326,250,1204,650,554,5.00E-02,4.49E-04,9.43E-03,0.16421755,2.58E-02,0.57478573,3.93E-02,5.62E-04,3.43E-03,0.12848477,2.50E-03,5.63E-04,5.29E-04,2.29E-12,1.39E-12,1.66E-11,0.364,0.99198122,0,0,8.31E-04,0,7.19E-03,0,0.99263258,0,0,0,0,7.90E-04,0,6.58E-03,0,0,0.75880515,0.18492516,0,0,2.77E-02,1.33E-03,0,7.69E-03,1.28E-02,0,0.76129245,0.18621374,0,0,2.41E-02,1.29E-03,0,7.30E-03,1.29E-02,0,-0.23134,0.186214,0,0,0.024148,0.000499213,0,0.000723418,0.0129017,0
165,OC-R,21838.05559,278,170,1204,700,504,5.00E-02,4.49E-04,9.43E-03,0.16421755,2.58E-02,0.57478573,3.93E-02,5.62E-04,3.43E-03,0.12848477,2.50E-03,5.63E-04,5.29E-04,1.87E-12,1.13E-12,9.97E-12,0.364,0.99198122,0,0,8.31E-04,0,7.19E-03,0,0.99263258,0,0,0,0,7.90E-04,0,6.58E-03,0,0,0.84217208,0.11822732,0,0,2.76E-02,1.31E-03,0,7.70E-03,0,0,0.8454689,0.11897473,0,0,2.39E-02,1.27E-03,0,7.27E-03,0,0,-0.147164,0.118975,0,0,0.0239357,0.000481367,0,0.000694472,0,0
166,OC-R,23096.77411,378,100,1204,750,454,5.00E-02,4.49E-04,9.43E-03,0.16421755,2.58E-02,0.57478573,3.93E-02,5.62E-04,3.43E-03,0.12848477,2.50E-03,5.63E-04,5.29E-04,1.81E-12,1.09E-12,9.50E-12,0.364,0.99198122,0,0,8.31E-04,0,7.19E-03,0,0.99263258,0,0,0,0,7.90E-04,0,6.58E-03,0,0,0.90656666,5.71E-02,0,0,2.73E-02,1.29E-03,0,7.70E-03,0,0,0.9104149,5.75E-02,0,0,2.36E-02,1.25E-03,0,7.25E-03,0,0,-0.0822177,0.0574566,0,0,0.0236339,0.000455811,0,0.000671395,0,0
